id,kota,iqa,wind_dir(deg),wind_spd(km/h),pressure(mbar),accessed
Agats_2023-11-27T00:00:00,Agats,53,108,5.8,1008,2023-11-27
Agats_2023-11-27T06:00:00,Agats,35,108,9.1,1011,2023-11-27 06:00:00
Agats_2023-11-27T12:00:00,Agats,54,233,7.0,1009,2023-11-27 12:00:00
Agats_2023-11-27T18:00:00,Agats,54,233,8.4,1008,2023-11-27 18:00:00
Ambon_2023-11-27T00:00:00,Ambon,29,138,5.5,1009,2023-11-27
Ambon_2023-11-27T06:00:00,Ambon,29,138,9.3,1008,2023-11-27 06:00:00
Ambon_2023-11-27T12:00:00,Ambon,30,138,11.1,1007,2023-11-27 12:00:00
Ambon_2023-11-27T18:00:00,Ambon,29,138,5.5,1006,2023-11-27 18:00:00
Badung_2023-11-27T00:00:00,Badung,132,171,3.5,1010,2023-11-27
Badung_2023-11-27T06:00:00,Badung,71,171,2.8,1010,2023-11-27 06:00:00
Badung_2023-11-27T12:00:00,Badung,65,171,3.0,1009,2023-11-27 12:00:00
Badung_2023-11-27T18:00:00,Badung,59,171,3.6,1009,2023-11-27 18:00:00
Balikpapan_2023-11-27T00:00:00,Balikpapan,37,189,5.5,1010,2023-11-27
Balikpapan_2023-11-27T06:00:00,Balikpapan,30,189,3.7,1008,2023-11-27 06:00:00
Balikpapan_2023-11-27T12:00:00,Balikpapan,38,291,5.5,1008,2023-11-27 12:00:00
Balikpapan_2023-11-27T18:00:00,Balikpapan,38,291,11.1,1006,2023-11-27 18:00:00
Banda Aceh_2023-11-27T00:00:00,Banda Aceh,27,76,5.1,1012,2023-11-27
Banda Aceh_2023-11-27T06:00:00,Banda Aceh,40,76,7.8,1009,2023-11-27 06:00:00
Banda Aceh_2023-11-27T12:00:00,Banda Aceh,45,76,11.4,1009,2023-11-27 12:00:00
Banda Aceh_2023-11-27T18:00:00,Banda Aceh,45,76,10.7,1008,2023-11-27 18:00:00
Bandarlampung_2023-11-27T00:00:00,Bandarlampung,62,186,7.1,1011,2023-11-27
Bandarlampung_2023-11-27T06:00:00,Bandarlampung,64,186,8.2,1009,2023-11-27 06:00:00
Bandarlampung_2023-11-27T12:00:00,Bandarlampung,64,186,5.7,1009,2023-11-27 12:00:00
Bandarlampung_2023-11-27T18:00:00,Bandarlampung,64,186,5.8,1008,2023-11-27 18:00:00
Bandjarbaru_2023-11-27T00:00:00,Bandjarbaru,61,27,1.7,1009,2023-11-27
Bandjarbaru_2023-11-27T06:00:00,Bandjarbaru,45,27,9.3,1008,2023-11-27 06:00:00
Bandjarbaru_2023-11-27T12:00:00,Bandjarbaru,60,27,3.7,1008,2023-11-27 12:00:00
Bandjarbaru_2023-11-27T18:00:00,Bandjarbaru,38,27,3.7,1005,2023-11-27 18:00:00
Bandung_2023-11-27T00:00:00,Bandung,59,19,3.1,1013,2023-11-27
Bandung_2023-11-27T06:00:00,Bandung,87,19,2.4,1011,2023-11-27 06:00:00
Bandung_2023-11-27T12:00:00,Bandung,152,19,3.6,1010,2023-11-27 12:00:00
Bandung_2023-11-27T18:00:00,Bandung,128,19,4.0,1010,2023-11-27 18:00:00
Banggai_2023-11-27T00:00:00,Banggai,29,14,4.7,1008,2023-11-27
Banggai_2023-11-27T06:00:00,Banggai,27,14,1.3,1008,2023-11-27 06:00:00
Banggai_2023-11-27T12:00:00,Banggai,26,189,6.2,1008,2023-11-27 12:00:00
Banggai_2023-11-27T18:00:00,Banggai,26,189,5.5,1007,2023-11-27 18:00:00
Bangkalan_2023-11-27T00:00:00,Bangkalan,87,232,5.0,1009,2023-11-27
Bangkalan_2023-11-27T06:00:00,Bangkalan,86,232,6.2,1008,2023-11-27 06:00:00
Bangkalan_2023-11-27T12:00:00,Bangkalan,63,23,10.5,1008,2023-11-27 12:00:00
Bangkalan_2023-11-27T18:00:00,Bangkalan,63,23,13.9,1007,2023-11-27 18:00:00
Bangli_2023-11-27T00:00:00,Bangli,53,195,3.5,1011,2023-11-27
Bangli_2023-11-27T06:00:00,Bangli,52,195,3.2,1010,2023-11-27 06:00:00
Bangli_2023-11-27T12:00:00,Bangli,46,188,2.0,1010,2023-11-27 12:00:00
Bangli_2023-11-27T18:00:00,Bangli,46,188,1.3,1009,2023-11-27 18:00:00
Banjar_2023-11-27T00:00:00,Banjar,66,165,0.9,1013,2023-11-27
Banjar_2023-11-27T06:00:00,Banjar,72,165,2.1,1012,2023-11-27 06:00:00
Banjar_2023-11-27T12:00:00,Banjar,70,234,3.1,1011,2023-11-27 12:00:00
Banjar_2023-11-27T18:00:00,Banjar,70,234,3.4,1011,2023-11-27 18:00:00
Banjarmasin_2023-11-27T00:00:00,Banjarmasin,57,222,0.8,1009,2023-11-27
Banjarmasin_2023-11-27T06:00:00,Banjarmasin,41,222,4.5,1009,2023-11-27 06:00:00
Banjarmasin_2023-11-27T12:00:00,Banjarmasin,52,3,6.2,1009,2023-11-27 12:00:00
Banjarmasin_2023-11-27T18:00:00,Banjarmasin,52,3,5.5,1007,2023-11-27 18:00:00
Banjarnegara_2023-11-27T00:00:00,Banjarnegara,84,181,0.8,1012,2023-11-27
Banjarnegara_2023-11-27T06:00:00,Banjarnegara,71,181,3.8,1011,2023-11-27 06:00:00
Banjarnegara_2023-11-27T12:00:00,Banjarnegara,62,214,3.7,1010,2023-11-27 12:00:00
Banjarnegara_2023-11-27T18:00:00,Banjarnegara,62,214,4.5,1009,2023-11-27 18:00:00
Bantaeng_2023-11-27T00:00:00,Bantaeng,61,172,3.7,1009,2023-11-27
Bantaeng_2023-11-27T06:00:00,Bantaeng,58,172,4.4,1009,2023-11-27 06:00:00
Bantaeng_2023-11-27T12:00:00,Bantaeng,57,187,8.0,1009,2023-11-27 12:00:00
Bantaeng_2023-11-27T18:00:00,Bantaeng,57,187,8.8,1009,2023-11-27 18:00:00
Bantul_2023-11-27T00:00:00,Bantul,74,193,5.3,1011,2023-11-27
Bantul_2023-11-27T06:00:00,Bantul,72,193,4.9,1010,2023-11-27 06:00:00
Bantul_2023-11-27T12:00:00,Bantul,60,182,7.0,1009,2023-11-27 12:00:00
Bantul_2023-11-27T18:00:00,Bantul,60,182,11.4,1008,2023-11-27 18:00:00
Banyumas_2023-11-27T00:00:00,Banyumas,77,193,3.0,1011,2023-11-27
Banyumas_2023-11-27T06:00:00,Banyumas,69,193,3.8,1010,2023-11-27 06:00:00
Banyumas_2023-11-27T12:00:00,Banyumas,62,189,5.7,1009,2023-11-27 12:00:00
Banyumas_2023-11-27T18:00:00,Banyumas,62,189,6.7,1008,2023-11-27 18:00:00
Banyuwangi_2023-11-27T00:00:00,Banyuwangi,61,159,5.9,1011,2023-11-27
Banyuwangi_2023-11-27T06:00:00,Banyuwangi,59,159,4.5,1010,2023-11-27 06:00:00
Banyuwangi_2023-11-27T12:00:00,Banyuwangi,49,147,5.8,1010,2023-11-27 12:00:00
Banyuwangi_2023-11-27T18:00:00,Banyuwangi,49,147,7.4,1009,2023-11-27 18:00:00
Barru_2023-11-27T00:00:00,Barru,41,179,7.8,1009,2023-11-27
Barru_2023-11-27T06:00:00,Barru,44,179,4.2,1009,2023-11-27 06:00:00
Barru_2023-11-27T12:00:00,Barru,45,263,5.8,1009,2023-11-27 12:00:00
Barru_2023-11-27T18:00:00,Barru,45,263,5.8,1008,2023-11-27 18:00:00
Batam_2023-11-27T00:00:00,Batam,32,289,7.4,1012,2023-11-27
Batam_2023-11-27T06:00:00,Batam,56,289,9.3,1010,2023-11-27 06:00:00
Batam_2023-11-27T12:00:00,Batam,69,323,0.0,1010,2023-11-27 12:00:00
Batam_2023-11-27T18:00:00,Batam,75,323,9.3,1009,2023-11-27 18:00:00
Batang_2023-11-27T00:00:00,Batang,81,147,2.4,1010,2023-11-27
Batang_2023-11-27T06:00:00,Batang,77,147,11.3,1009,2023-11-27 06:00:00
Batang_2023-11-27T12:00:00,Batang,88,19,10.5,1009,2023-11-27 12:00:00
Batang_2023-11-27T18:00:00,Batang,88,19,11.4,1008,2023-11-27 18:00:00
Batu_2023-11-27T00:00:00,Batu,68,170,2.6,1012,2023-11-27
Batu_2023-11-27T06:00:00,Batu,67,170,1.0,1011,2023-11-27 06:00:00
Batu_2023-11-27T12:00:00,Batu,76,176,3.2,1011,2023-11-27 12:00:00
Batu_2023-11-27T18:00:00,Batu,76,176,3.5,1010,2023-11-27 18:00:00
Bekasi_2023-11-27T00:00:00,Bekasi,114,336,5.5,1006,2023-11-27
Bekasi_2023-11-27T06:00:00,Bekasi,133,336,5.5,1004,2023-11-27 06:00:00
Bekasi_2023-11-27T12:00:00,Bekasi,140,336,14.8,1004,2023-11-27 12:00:00
Bekasi_2023-11-27T18:00:00,Bekasi,141,336,14.8,1003,2023-11-27 18:00:00
Bengkalis_2023-11-27T00:00:00,Bengkalis,32,305,8.5,1010,2023-11-27
Bengkalis_2023-11-27T06:00:00,Bengkalis,28,305,12.8,1009,2023-11-27 06:00:00
Bengkalis_2023-11-27T12:00:00,Bengkalis,39,316,7.8,1009,2023-11-27 12:00:00
Bengkalis_2023-11-27T18:00:00,Bengkalis,39,316,8.0,1007,2023-11-27 18:00:00
Bengkayang_2023-11-27T00:00:00,Bengkayang,34,297,2.1,1010,2023-11-27
Bengkayang_2023-11-27T06:00:00,Bengkayang,24,297,1.8,1009,2023-11-27 06:00:00
Bengkayang_2023-11-27T12:00:00,Bengkayang,29,241,4.4,1009,2023-11-27 12:00:00
Bengkayang_2023-11-27T18:00:00,Bengkayang,29,241,4.1,1008,2023-11-27 18:00:00
Bengkulu_2023-11-27T00:00:00,Bengkulu,105,244,6.7,1011,2023-11-27
Bengkulu_2023-11-27T06:00:00,Bengkulu,77,244,4.3,1010,2023-11-27 06:00:00
Bengkulu_2023-11-27T12:00:00,Bengkulu,30,244,3.3,1009,2023-11-27 12:00:00
Bengkulu_2023-11-27T18:00:00,Bengkulu,34,244,6.2,1009,2023-11-27 18:00:00
Biak_2023-11-27T00:00:00,Biak,20,38,13.0,1009,2023-11-27
Biak_2023-11-27T06:00:00,Biak,31,38,13.0,1008,2023-11-27 06:00:00
Biak_2023-11-27T12:00:00,Biak,39,220,5.5,1008,2023-11-27 12:00:00
Biak_2023-11-27T18:00:00,Biak,39,220,5.0,1007,2023-11-27 18:00:00
Bima_2023-11-27T00:00:00,Bima,47,171,6.5,1009,2023-11-27
Bima_2023-11-27T06:00:00,Bima,40,171,6.3,1009,2023-11-27 06:00:00
Bima_2023-11-27T12:00:00,Bima,54,184,3.3,1010,2023-11-27 12:00:00
Bima_2023-11-27T18:00:00,Bima,54,184,2.4,1008,2023-11-27 18:00:00
Binjai_2023-11-27T00:00:00,Binjai,48,324,4.1,1012,2023-11-27
Binjai_2023-11-27T06:00:00,Binjai,38,324,2.2,1009,2023-11-27 06:00:00
Binjai_2023-11-27T12:00:00,Binjai,26,42,2.7,1009,2023-11-27 12:00:00
Binjai_2023-11-27T18:00:00,Binjai,26,42,4.5,1007,2023-11-27 18:00:00
Bitung_2023-11-27T00:00:00,Bitung,6,356,5.1,1008,2023-11-27
Bitung_2023-11-27T06:00:00,Bitung,5,356,4.9,1009,2023-11-27 06:00:00
Bitung_2023-11-27T12:00:00,Bitung,5,21,10.5,1009,2023-11-27 12:00:00
Bitung_2023-11-27T18:00:00,Bitung,5,21,11.8,1008,2023-11-27 18:00:00
Blitar_2023-11-27T00:00:00,Blitar,62,192,1.7,1011,2023-11-27
Blitar_2023-11-27T06:00:00,Blitar,62,192,2.6,1010,2023-11-27 06:00:00
Blitar_2023-11-27T12:00:00,Blitar,54,178,8.5,1009,2023-11-27 12:00:00
Blitar_2023-11-27T18:00:00,Blitar,54,178,11.3,1008,2023-11-27 18:00:00
Blora_2023-11-27T00:00:00,Blora,82,217,6.1,1010,2023-11-27
Blora_2023-11-27T06:00:00,Blora,91,217,6.8,1009,2023-11-27 06:00:00
Blora_2023-11-27T12:00:00,Blora,84,338,12.9,1008,2023-11-27 12:00:00
Blora_2023-11-27T18:00:00,Blora,84,338,17.5,1007,2023-11-27 18:00:00
Bogor_2023-11-27T00:00:00,Bogor,58,200,5.0,1011,2023-11-27
Bogor_2023-11-27T06:00:00,Bogor,53,200,5.4,986,2023-11-27 06:00:00
Bogor_2023-11-27T12:00:00,Bogor,89,200,3.4,1009,2023-11-27 12:00:00
Bogor_2023-11-27T18:00:00,Bogor,81,200,3.3,1009,2023-11-27 18:00:00
Bojonegoro_2023-11-27T00:00:00,Bojonegoro,79,152,12.6,1010,2023-11-27
Bojonegoro_2023-11-27T06:00:00,Bojonegoro,84,152,6.4,1009,2023-11-27 06:00:00
Bojonegoro_2023-11-27T12:00:00,Bojonegoro,80,348,8.4,1008,2023-11-27 12:00:00
Bojonegoro_2023-11-27T18:00:00,Bojonegoro,80,348,13.1,1007,2023-11-27 18:00:00
Bondowoso_2023-11-27T00:00:00,Bondowoso,55,201,5.9,1011,2023-11-27
Bondowoso_2023-11-27T06:00:00,Bondowoso,58,201,5.5,1010,2023-11-27 06:00:00
Bondowoso_2023-11-27T12:00:00,Bondowoso,59,219,2.4,1010,2023-11-27 12:00:00
Bondowoso_2023-11-27T18:00:00,Bondowoso,59,219,0.8,1009,2023-11-27 18:00:00
Bontang_2023-11-27T00:00:00,Bontang,38,280,4.7,1009,2023-11-27
Bontang_2023-11-27T06:00:00,Bontang,33,280,8.5,1009,2023-11-27 06:00:00
Bontang_2023-11-27T12:00:00,Bontang,34,280,4.3,1009,2023-11-27 12:00:00
Bontang_2023-11-27T18:00:00,Bontang,34,280,4.4,1007,2023-11-27 18:00:00
Boyolali_2023-11-27T00:00:00,Boyolali,83,208,8.4,1012,2023-11-27
Boyolali_2023-11-27T06:00:00,Boyolali,76,208,7.8,1011,2023-11-27 06:00:00
Boyolali_2023-11-27T12:00:00,Boyolali,65,195,5.5,1010,2023-11-27 12:00:00
Boyolali_2023-11-27T18:00:00,Boyolali,65,195,5.1,1009,2023-11-27 18:00:00
Brebes_2023-11-27T00:00:00,Brebes,73,202,14.2,1010,2023-11-27
Brebes_2023-11-27T06:00:00,Brebes,67,202,12.2,1009,2023-11-27 06:00:00
Brebes_2023-11-27T12:00:00,Brebes,69,38,7.9,1009,2023-11-27 12:00:00
Brebes_2023-11-27T18:00:00,Brebes,69,38,10.1,1008,2023-11-27 18:00:00
Bukittinggi_2023-11-27T00:00:00,Bukittinggi,41,239,2.8,1014,2023-11-27
Bukittinggi_2023-11-27T06:00:00,Bukittinggi,30,239,2.1,1011,2023-11-27 06:00:00
Bukittinggi_2023-11-27T12:00:00,Bukittinggi,28,255,3.7,1011,2023-11-27 12:00:00
Bukittinggi_2023-11-27T18:00:00,Bukittinggi,28,255,6.0,1009,2023-11-27 18:00:00
Bula_2023-11-27T00:00:00,Bula,43,334,8.9,1008,2023-11-27
Bula_2023-11-27T06:00:00,Bula,42,334,5.5,1010,2023-11-27 06:00:00
Bula_2023-11-27T12:00:00,Bula,44,82,1.3,1009,2023-11-27 12:00:00
Bula_2023-11-27T18:00:00,Bula,44,82,1.5,1008,2023-11-27 18:00:00
Bulukumba_2023-11-27T00:00:00,Bulukumba,59,174,3.9,1009,2023-11-27
Bulukumba_2023-11-27T06:00:00,Bulukumba,57,174,3.8,1009,2023-11-27 06:00:00
Bulukumba_2023-11-27T12:00:00,Bulukumba,57,184,7.8,1009,2023-11-27 12:00:00
Bulukumba_2023-11-27T18:00:00,Bulukumba,57,184,8.4,1008,2023-11-27 18:00:00
Buol_2023-11-27T00:00:00,Buol,7,216,5.3,1009,2023-11-27
Buol_2023-11-27T06:00:00,Buol,8,216,7.6,1009,2023-11-27 06:00:00
Buol_2023-11-27T12:00:00,Buol,7,346,6.1,1009,2023-11-27 12:00:00
Buol_2023-11-27T18:00:00,Buol,7,346,7.8,1008,2023-11-27 18:00:00
Ciamis_2023-11-27T00:00:00,Ciamis,74,167,1.9,1012,2023-11-27
Ciamis_2023-11-27T06:00:00,Ciamis,64,167,1.9,1011,2023-11-27 06:00:00
Ciamis_2023-11-27T12:00:00,Ciamis,62,117,5.2,1010,2023-11-27 12:00:00
Ciamis_2023-11-27T18:00:00,Ciamis,62,117,6.1,1009,2023-11-27 18:00:00
Cianjur_2023-11-27T00:00:00,Cianjur,71,218,3.1,1012,2023-11-27
Cianjur_2023-11-27T06:00:00,Cianjur,73,218,3.5,1010,2023-11-27 06:00:00
Cianjur_2023-11-27T12:00:00,Cianjur,74,8,1.5,1010,2023-11-27 12:00:00
Cianjur_2023-11-27T18:00:00,Cianjur,74,8,1.1,1010,2023-11-27 18:00:00
Cilacap_2023-11-27T00:00:00,Cilacap,70,171,7.8,1011,2023-11-27
Cilacap_2023-11-27T06:00:00,Cilacap,65,171,3.7,1009,2023-11-27 06:00:00
Cilacap_2023-11-27T12:00:00,Cilacap,60,184,10.0,1009,2023-11-27 12:00:00
Cilacap_2023-11-27T18:00:00,Cilacap,60,184,12.0,1008,2023-11-27 18:00:00
Cimahi_2023-11-27T00:00:00,Cimahi,77,352,3.2,1012,2023-11-27
Cimahi_2023-11-27T06:00:00,Cimahi,81,352,2.4,1011,2023-11-27 06:00:00
Cimahi_2023-11-27T12:00:00,Cimahi,77,356,4.2,1010,2023-11-27 12:00:00
Cimahi_2023-11-27T18:00:00,Cimahi,77,356,4.2,1010,2023-11-27 18:00:00
Cirebon_2023-11-27T00:00:00,Cirebon,119,58,8.7,1010,2023-11-27
Cirebon_2023-11-27T06:00:00,Cirebon,117,58,8.2,1009,2023-11-27 06:00:00
Cirebon_2023-11-27T12:00:00,Cirebon,99,58,9.0,1009,2023-11-27 12:00:00
Cirebon_2023-11-27T18:00:00,Cirebon,100,58,11.7,1008,2023-11-27 18:00:00
Demak_2023-11-27T00:00:00,Demak,99,126,7.1,1010,2023-11-27
Demak_2023-11-27T06:00:00,Demak,86,126,6.2,1009,2023-11-27 06:00:00
Demak_2023-11-27T12:00:00,Demak,89,345,12.5,1009,2023-11-27 12:00:00
Demak_2023-11-27T18:00:00,Demak,89,345,15.2,1008,2023-11-27 18:00:00
Denpasar_2023-11-27T00:00:00,Denpasar,162,168,9.6,1009,2023-11-27
Denpasar_2023-11-27T06:00:00,Denpasar,84,168,5.5,1008,2023-11-27 06:00:00
Denpasar_2023-11-27T12:00:00,Denpasar,85,168,5.5,1008,2023-11-27 12:00:00
Denpasar_2023-11-27T18:00:00,Denpasar,75,168,5.5,1007,2023-11-27 18:00:00
Dobo_2023-11-27T00:00:00,Dobo,53,146,6.6,1008,2023-11-27
Dobo_2023-11-27T06:00:00,Dobo,50,146,10.7,1009,2023-11-27 06:00:00
Dobo_2023-11-27T12:00:00,Dobo,50,331,2.6,1008,2023-11-27 12:00:00
Dobo_2023-11-27T18:00:00,Dobo,50,331,4.4,1008,2023-11-27 18:00:00
Dompu_2023-11-27T00:00:00,Dompu,48,196,2.2,1010,2023-11-27
Dompu_2023-11-27T06:00:00,Dompu,45,196,1.6,1010,2023-11-27 06:00:00
Dompu_2023-11-27T12:00:00,Dompu,55,209,2.4,1009,2023-11-27 12:00:00
Dompu_2023-11-27T18:00:00,Dompu,55,209,3.3,1008,2023-11-27 18:00:00
Donggala_2023-11-27T00:00:00,Donggala,23,181,5.6,1009,2023-11-27
Donggala_2023-11-27T06:00:00,Donggala,29,181,6.3,1009,2023-11-27 06:00:00
Donggala_2023-11-27T12:00:00,Donggala,21,283,3.5,1009,2023-11-27 12:00:00
Donggala_2023-11-27T18:00:00,Donggala,21,283,3.9,1008,2023-11-27 18:00:00
Dumai_2023-11-27T00:00:00,Dumai,61,300,7.6,1011,2023-11-27
Dumai_2023-11-27T06:00:00,Dumai,58,300,4.5,1009,2023-11-27 06:00:00
Dumai_2023-11-27T12:00:00,Dumai,54,300,5.3,1009,2023-11-27 12:00:00
Dumai_2023-11-27T18:00:00,Dumai,54,300,5.0,1007,2023-11-27 18:00:00
Enrekang_2023-11-27T00:00:00,Enrekang,38,200,3.6,1010,2023-11-27
Enrekang_2023-11-27T06:00:00,Enrekang,41,200,4.6,1010,2023-11-27 06:00:00
Enrekang_2023-11-27T12:00:00,Enrekang,41,214,4.0,1010,2023-11-27 12:00:00
Enrekang_2023-11-27T18:00:00,Enrekang,41,214,5.0,1009,2023-11-27 18:00:00
Garut_2023-11-27T00:00:00,Garut,73,146,2.6,1013,2023-11-27
Garut_2023-11-27T06:00:00,Garut,66,146,3.7,1012,2023-11-27 06:00:00
Garut_2023-11-27T12:00:00,Garut,64,87,4.7,1011,2023-11-27 12:00:00
Garut_2023-11-27T18:00:00,Garut,64,87,4.7,1010,2023-11-27 18:00:00
Gianyar_2023-11-27T00:00:00,Gianyar,53,197,4.3,1010,2023-11-27
Gianyar_2023-11-27T06:00:00,Gianyar,51,197,4.2,1010,2023-11-27 06:00:00
Gianyar_2023-11-27T12:00:00,Gianyar,48,195,2.4,1009,2023-11-27 12:00:00
Gianyar_2023-11-27T18:00:00,Gianyar,48,195,2.2,1009,2023-11-27 18:00:00
Gresik_2023-11-27T00:00:00,Gresik,96,237,6.0,1009,2023-11-27
Gresik_2023-11-27T06:00:00,Gresik,91,237,5.3,1008,2023-11-27 06:00:00
Gresik_2023-11-27T12:00:00,Gresik,75,13,7.8,1008,2023-11-27 12:00:00
Gresik_2023-11-27T18:00:00,Gresik,75,13,12.0,1007,2023-11-27 18:00:00
Indramayu_2023-11-27T00:00:00,Indramayu,79,343,7.2,1010,2023-11-27
Indramayu_2023-11-27T06:00:00,Indramayu,71,343,7.5,1008,2023-11-27 06:00:00
Indramayu_2023-11-27T12:00:00,Indramayu,68,21,13.1,1008,2023-11-27 12:00:00
Indramayu_2023-11-27T18:00:00,Indramayu,68,21,16.5,1008,2023-11-27 18:00:00
Jambi_2023-11-27T00:00:00,Jambi,102,53,1.6,1010,2023-11-27
Jambi_2023-11-27T06:00:00,Jambi,53,53,4.5,1009,2023-11-27 06:00:00
Jambi_2023-11-27T12:00:00,Jambi,141,53,4.4,1008,2023-11-27 12:00:00
Jambi_2023-11-27T18:00:00,Jambi,75,53,3.6,1007,2023-11-27 18:00:00
Jayapura_2023-11-27T00:00:00,Jayapura,65,74,2.7,1008,2023-11-27
Jayapura_2023-11-27T06:00:00,Jayapura,56,74,7.8,1010,2023-11-27 06:00:00
Jayapura_2023-11-27T12:00:00,Jayapura,55,74,3.9,1010,2023-11-27 12:00:00
Jayapura_2023-11-27T18:00:00,Jayapura,54,74,5.4,1009,2023-11-27 18:00:00
Jember_2023-11-27T00:00:00,Jember,63,209,0.5,1011,2023-11-27
Jember_2023-11-27T06:00:00,Jember,59,209,1.3,1010,2023-11-27 06:00:00
Jember_2023-11-27T12:00:00,Jember,56,215,4.1,1010,2023-11-27 12:00:00
Jember_2023-11-27T18:00:00,Jember,56,215,5.7,1009,2023-11-27 18:00:00
Jeneponto_2023-11-27T00:00:00,Jeneponto,61,185,3.9,1009,2023-11-27
Jeneponto_2023-11-27T06:00:00,Jeneponto,59,185,2.2,1009,2023-11-27 06:00:00
Jeneponto_2023-11-27T12:00:00,Jeneponto,58,189,12.6,1009,2023-11-27 12:00:00
Jeneponto_2023-11-27T18:00:00,Jeneponto,58,189,7.7,1008,2023-11-27 18:00:00
Jepara_2023-11-27T00:00:00,Jepara,87,135,4.2,1010,2023-11-27
Jepara_2023-11-27T06:00:00,Jepara,81,135,10.8,1009,2023-11-27 06:00:00
Jepara_2023-11-27T12:00:00,Jepara,90,5,11.7,1009,2023-11-27 12:00:00
Jepara_2023-11-27T18:00:00,Jepara,90,5,12.7,1008,2023-11-27 18:00:00
Jombang_2023-11-27T00:00:00,Jombang,87,196,10.9,1010,2023-11-27
Jombang_2023-11-27T06:00:00,Jombang,85,196,10.9,1009,2023-11-27 06:00:00
Jombang_2023-11-27T12:00:00,Jombang,82,202,6.7,1008,2023-11-27 12:00:00
Jombang_2023-11-27T18:00:00,Jombang,82,202,8.5,1007,2023-11-27 18:00:00
Kabupaten Buleleng_2023-11-27T00:00:00,Kabupaten Buleleng,33,188,10.1,1010,2023-11-27
Kabupaten Buleleng_2023-11-27T06:00:00,Kabupaten Buleleng,29,188,10.9,1010,2023-11-27 06:00:00
Kabupaten Buleleng_2023-11-27T12:00:00,Kabupaten Buleleng,37,188,3.5,1009,2023-11-27 12:00:00
Kabupaten Buleleng_2023-11-27T18:00:00,Kabupaten Buleleng,29,188,2.4,1009,2023-11-27 18:00:00
Kabupaten Klaten_2023-11-27T00:00:00,Kabupaten Klaten,76,204,6.0,1011,2023-11-27
Kabupaten Klaten_2023-11-27T06:00:00,Kabupaten Klaten,74,204,5.8,1010,2023-11-27 06:00:00
Kabupaten Klaten_2023-11-27T12:00:00,Kabupaten Klaten,61,210,10.1,1009,2023-11-27 12:00:00
Kabupaten Klaten_2023-11-27T18:00:00,Kabupaten Klaten,61,210,13.6,1008,2023-11-27 18:00:00
Kabupaten Lumajang_2023-11-27T00:00:00,Kabupaten Lumajang,66,187,2.1,1011,2023-11-27
Kabupaten Lumajang_2023-11-27T06:00:00,Kabupaten Lumajang,61,187,0.7,1010,2023-11-27 06:00:00
Kabupaten Lumajang_2023-11-27T12:00:00,Kabupaten Lumajang,64,186,5.5,1010,2023-11-27 12:00:00
Kabupaten Lumajang_2023-11-27T18:00:00,Kabupaten Lumajang,64,186,8.1,1009,2023-11-27 18:00:00
Kabupaten Malang_2023-11-27T00:00:00,Kabupaten Malang,62,219,2.3,1012,2023-11-27
Kabupaten Malang_2023-11-27T06:00:00,Kabupaten Malang,77,219,1.3,1011,2023-11-27 06:00:00
Kabupaten Malang_2023-11-27T12:00:00,Kabupaten Malang,77,219,3.6,1011,2023-11-27 12:00:00
Kabupaten Malang_2023-11-27T18:00:00,Kabupaten Malang,82,219,4.2,1010,2023-11-27 18:00:00
Kabupaten Serang_2023-11-27T00:00:00,Kabupaten Serang,88,323,6.3,1010,2023-11-27
Kabupaten Serang_2023-11-27T06:00:00,Kabupaten Serang,92,323,6.2,1009,2023-11-27 06:00:00
Kabupaten Serang_2023-11-27T12:00:00,Kabupaten Serang,88,323,3.2,1009,2023-11-27 12:00:00
Kabupaten Serang_2023-11-27T18:00:00,Kabupaten Serang,81,323,4.5,1008,2023-11-27 18:00:00
Kaimana_2023-11-27T00:00:00,Kaimana,41,198,1.5,1008,2023-11-27
Kaimana_2023-11-27T06:00:00,Kaimana,44,198,12.1,1010,2023-11-27 06:00:00
Kaimana_2023-11-27T12:00:00,Kaimana,48,352,3.0,1009,2023-11-27 12:00:00
Kaimana_2023-11-27T18:00:00,Kaimana,48,352,5.2,1008,2023-11-27 18:00:00
Karanganyar_2023-11-27T00:00:00,Karanganyar,77,211,10.2,1011,2023-11-27
Karanganyar_2023-11-27T06:00:00,Karanganyar,74,211,8.4,1010,2023-11-27 06:00:00
Karanganyar_2023-11-27T12:00:00,Karanganyar,64,205,7.1,1009,2023-11-27 12:00:00
Karanganyar_2023-11-27T18:00:00,Karanganyar,64,205,6.2,1008,2023-11-27 18:00:00
Karawang_2023-11-27T00:00:00,Karawang,89,319,5.8,1010,2023-11-27
Karawang_2023-11-27T06:00:00,Karawang,89,319,5.8,1010,2023-11-27 06:00:00
Karawang_2023-11-27T12:00:00,Karawang,89,319,5.8,1010,2023-11-27 12:00:00
Karawang_2023-11-27T18:00:00,Karawang,89,319,5.8,1010,2023-11-27 18:00:00
Kebumen_2023-11-27T00:00:00,Kebumen,81,182,2.4,1011,2023-11-27
Kebumen_2023-11-27T06:00:00,Kebumen,73,182,4.8,1010,2023-11-27 06:00:00
Kebumen_2023-11-27T12:00:00,Kebumen,62,179,6.8,1009,2023-11-27 12:00:00
Kebumen_2023-11-27T18:00:00,Kebumen,62,179,9.2,1008,2023-11-27 18:00:00
Kediri_2023-11-27T00:00:00,Kediri,71,179,10.9,1010,2023-11-27
Kediri_2023-11-27T06:00:00,Kediri,69,179,12.0,1009,2023-11-27 06:00:00
Kediri_2023-11-27T12:00:00,Kediri,65,183,13.9,1009,2023-11-27 12:00:00
Kediri_2023-11-27T18:00:00,Kediri,65,183,13.8,1008,2023-11-27 18:00:00
Kendal_2023-11-27T00:00:00,Kendal,81,335,6.9,1010,2023-11-27
Kendal_2023-11-27T06:00:00,Kendal,72,335,6.7,1009,2023-11-27 06:00:00
Kendal_2023-11-27T12:00:00,Kendal,73,338,6.7,1009,2023-11-27 12:00:00
Kendal_2023-11-27T18:00:00,Kendal,73,338,8.1,1008,2023-11-27 18:00:00
Kendari_2023-11-27T00:00:00,Kendari,62,48,3.8,1008,2023-11-27
Kendari_2023-11-27T06:00:00,Kendari,62,48,2.7,1009,2023-11-27 06:00:00
Kendari_2023-11-27T12:00:00,Kendari,65,59,1.4,1009,2023-11-27 12:00:00
Kendari_2023-11-27T18:00:00,Kendari,65,59,1.6,1008,2023-11-27 18:00:00
Kepahiang_2023-11-27T00:00:00,Kepahiang,45,242,0.9,1013,2023-11-27
Kepahiang_2023-11-27T06:00:00,Kepahiang,35,242,1.3,1011,2023-11-27 06:00:00
Kepahiang_2023-11-27T12:00:00,Kepahiang,40,237,3.1,1010,2023-11-27 12:00:00
Kepahiang_2023-11-27T18:00:00,Kepahiang,40,237,4.0,1010,2023-11-27 18:00:00
Ketapang_2023-11-27T00:00:00,Ketapang,30,304,9.5,1010,2023-11-27
Ketapang_2023-11-27T06:00:00,Ketapang,28,304,10.9,1009,2023-11-27 06:00:00
Ketapang_2023-11-27T12:00:00,Ketapang,38,311,13.7,1008,2023-11-27 12:00:00
Ketapang_2023-11-27T18:00:00,Ketapang,38,311,13.0,1008,2023-11-27 18:00:00
Klungkung_2023-11-27T00:00:00,Klungkung,53,195,5.3,1010,2023-11-27
Klungkung_2023-11-27T06:00:00,Klungkung,50,195,5.0,1010,2023-11-27 06:00:00
Klungkung_2023-11-27T12:00:00,Klungkung,48,191,3.0,1009,2023-11-27 12:00:00
Klungkung_2023-11-27T18:00:00,Klungkung,48,191,2.3,1009,2023-11-27 18:00:00
Kolaka_2023-11-27T00:00:00,Kolaka,46,231,6.4,1010,2023-11-27
Kolaka_2023-11-27T06:00:00,Kolaka,40,231,2.2,1009,2023-11-27 06:00:00
Kolaka_2023-11-27T12:00:00,Kolaka,54,232,2.4,1010,2023-11-27 12:00:00
Kolaka_2023-11-27T18:00:00,Kolaka,54,232,1.9,1008,2023-11-27 18:00:00
Kudus_2023-11-27T00:00:00,Kudus,99,190,6.6,1010,2023-11-27
Kudus_2023-11-27T06:00:00,Kudus,90,190,4.9,1009,2023-11-27 06:00:00
Kudus_2023-11-27T12:00:00,Kudus,91,166,9.2,1009,2023-11-27 12:00:00
Kudus_2023-11-27T18:00:00,Kudus,91,166,11.1,1008,2023-11-27 18:00:00
Kuningan_2023-11-27T00:00:00,Kuningan,80,187,6.3,1012,2023-11-27
Kuningan_2023-11-27T06:00:00,Kuningan,68,187,8.2,1010,2023-11-27 06:00:00
Kuningan_2023-11-27T12:00:00,Kuningan,69,57,4.1,1010,2023-11-27 12:00:00
Kuningan_2023-11-27T18:00:00,Kuningan,69,57,6.1,1009,2023-11-27 18:00:00
Lahat_2023-11-27T00:00:00,Lahat,63,68,4.6,1011,2023-11-27
Lahat_2023-11-27T06:00:00,Lahat,59,68,2.0,1009,2023-11-27 06:00:00
Lahat_2023-11-27T12:00:00,Lahat,53,5,4.0,1010,2023-11-27 12:00:00
Lahat_2023-11-27T18:00:00,Lahat,53,5,1.1,1008,2023-11-27 18:00:00
Lamongan_2023-11-27T00:00:00,Lamongan,96,236,8.7,1009,2023-11-27
Lamongan_2023-11-27T06:00:00,Lamongan,90,236,8.4,1008,2023-11-27 06:00:00
Lamongan_2023-11-27T12:00:00,Lamongan,76,5,6.3,1008,2023-11-27 12:00:00
Lamongan_2023-11-27T18:00:00,Lamongan,76,5,11.2,1007,2023-11-27 18:00:00
Langsa_2023-11-27T00:00:00,Langsa,17,359,4.2,1011,2023-11-27
Langsa_2023-11-27T06:00:00,Langsa,21,359,9.4,1008,2023-11-27 06:00:00
Langsa_2023-11-27T12:00:00,Langsa,20,347,5.1,1008,2023-11-27 12:00:00
Langsa_2023-11-27T18:00:00,Langsa,20,347,6.4,1007,2023-11-27 18:00:00
Lhokseumawe_2023-11-27T00:00:00,Lhokseumawe,13,269,4.6,1012,2023-11-27
Lhokseumawe_2023-11-27T06:00:00,Lhokseumawe,17,269,10.5,1009,2023-11-27 06:00:00
Lhokseumawe_2023-11-27T12:00:00,Lhokseumawe,8,318,15.1,1008,2023-11-27 12:00:00
Lhokseumawe_2023-11-27T18:00:00,Lhokseumawe,8,318,15.4,1008,2023-11-27 18:00:00
Madiun_2023-11-27T00:00:00,Madiun,80,171,9.0,1010,2023-11-27
Madiun_2023-11-27T06:00:00,Madiun,76,171,8.7,1009,2023-11-27 06:00:00
Madiun_2023-11-27T12:00:00,Madiun,72,41,9.0,1008,2023-11-27 12:00:00
Madiun_2023-11-27T18:00:00,Madiun,72,41,9.4,1007,2023-11-27 18:00:00
Magelang_2023-11-27T00:00:00,Magelang,89,201,0.5,1012,2023-11-27
Magelang_2023-11-27T06:00:00,Magelang,75,201,0.6,1011,2023-11-27 06:00:00
Magelang_2023-11-27T12:00:00,Magelang,67,198,4.8,1011,2023-11-27 12:00:00
Magelang_2023-11-27T18:00:00,Magelang,67,198,4.3,1010,2023-11-27 18:00:00
Magetan_2023-11-27T00:00:00,Magetan,77,193,6.0,1011,2023-11-27
Magetan_2023-11-27T06:00:00,Magetan,74,193,6.7,1010,2023-11-27 06:00:00
Magetan_2023-11-27T12:00:00,Magetan,66,353,5.8,1009,2023-11-27 12:00:00
Magetan_2023-11-27T18:00:00,Magetan,66,353,6.7,1008,2023-11-27 18:00:00
Majalengka_2023-11-27T00:00:00,Majalengka,86,183,3.8,1011,2023-11-27
Majalengka_2023-11-27T06:00:00,Majalengka,73,183,6.6,1010,2023-11-27 06:00:00
Majalengka_2023-11-27T12:00:00,Majalengka,71,59,5.4,1009,2023-11-27 12:00:00
Majalengka_2023-11-27T18:00:00,Majalengka,71,59,6.8,1009,2023-11-27 18:00:00
Majene_2023-11-27T00:00:00,Majene,37,218,7.8,1009,2023-11-27
Majene_2023-11-27T06:00:00,Majene,44,218,4.4,1009,2023-11-27 06:00:00
Majene_2023-11-27T12:00:00,Majene,42,235,4.8,1009,2023-11-27 12:00:00
Majene_2023-11-27T18:00:00,Majene,42,235,8.8,1008,2023-11-27 18:00:00
Malinau_2023-11-27T00:00:00,Malinau,31,111,3.5,1010,2023-11-27
Malinau_2023-11-27T06:00:00,Malinau,34,111,1.8,1009,2023-11-27 06:00:00
Malinau_2023-11-27T12:00:00,Malinau,11,68,0.5,1008,2023-11-27 12:00:00
Malinau_2023-11-27T18:00:00,Malinau,11,68,2.7,1007,2023-11-27 18:00:00
Mamasa_2023-11-27T00:00:00,Mamasa,29,351,2.3,1013,2023-11-27
Mamasa_2023-11-27T06:00:00,Mamasa,36,351,2.3,1012,2023-11-27 06:00:00
Mamasa_2023-11-27T12:00:00,Mamasa,31,226,1.9,1012,2023-11-27 12:00:00
Mamasa_2023-11-27T18:00:00,Mamasa,31,226,1.3,1011,2023-11-27 18:00:00
Mamuju_2023-11-27T00:00:00,Mamuju,11,251,3.3,1010,2023-11-27
Mamuju_2023-11-27T06:00:00,Mamuju,11,251,4.8,1009,2023-11-27 06:00:00
Mamuju_2023-11-27T12:00:00,Mamuju,11,251,5.1,1010,2023-11-27 12:00:00
Mamuju_2023-11-27T18:00:00,Mamuju,11,251,5.4,1008,2023-11-27 18:00:00
Manado_2023-11-27T00:00:00,Manado,8,79,5.5,1009,2023-11-27
Manado_2023-11-27T06:00:00,Manado,9,79,3.7,1009,2023-11-27 06:00:00
Manado_2023-11-27T12:00:00,Manado,7,14,3.7,1009,2023-11-27 12:00:00
Manado_2023-11-27T18:00:00,Manado,7,14,3.7,1008,2023-11-27 18:00:00
Manokwari_2023-11-27T00:00:00,Manokwari,57,126,6.3,1008,2023-11-27
Manokwari_2023-11-27T06:00:00,Manokwari,57,126,8.6,1009,2023-11-27 06:00:00
Manokwari_2023-11-27T12:00:00,Manokwari,57,126,5.1,1009,2023-11-27 12:00:00
Manokwari_2023-11-27T18:00:00,Manokwari,57,126,4.1,1008,2023-11-27 18:00:00
Maros_2023-11-27T00:00:00,Maros,77,142,3.7,1010,2023-11-27
Maros_2023-11-27T06:00:00,Maros,69,142,3.7,1008,2023-11-27 06:00:00
Maros_2023-11-27T12:00:00,Maros,65,163,9.3,1009,2023-11-27 12:00:00
Maros_2023-11-27T18:00:00,Maros,62,163,3.7,1008,2023-11-27 18:00:00
Mataram_2023-11-27T00:00:00,Mataram,57,168,9.0,1010,2023-11-27
Mataram_2023-11-27T06:00:00,Mataram,56,168,9.1,1010,2023-11-27 06:00:00
Mataram_2023-11-27T12:00:00,Mataram,61,168,10.2,1010,2023-11-27 12:00:00
Mataram_2023-11-27T18:00:00,Mataram,60,168,12.0,1008,2023-11-27 18:00:00
Medan_2023-11-27T00:00:00,Medan,81,323,13.0,1011,2023-11-27
Medan_2023-11-27T06:00:00,Medan,56,323,3.7,1008,2023-11-27 06:00:00
Medan_2023-11-27T12:00:00,Medan,57,12,14.8,1008,2023-11-27 12:00:00
Medan_2023-11-27T18:00:00,Medan,37,12,25.9,1006,2023-11-27 18:00:00
Metro_2023-11-27T00:00:00,Metro,74,186,8.1,1010,2023-11-27
Metro_2023-11-27T06:00:00,Metro,72,186,7.5,1009,2023-11-27 06:00:00
Metro_2023-11-27T12:00:00,Metro,61,216,3.0,1009,2023-11-27 12:00:00
Metro_2023-11-27T18:00:00,Metro,61,216,5.2,1008,2023-11-27 18:00:00
Mojokerto_2023-11-27T00:00:00,Mojokerto,95,230,9.2,1010,2023-11-27
Mojokerto_2023-11-27T06:00:00,Mojokerto,91,230,5.5,1009,2023-11-27 06:00:00
Mojokerto_2023-11-27T12:00:00,Mojokerto,85,26,5.3,1009,2023-11-27 12:00:00
Mojokerto_2023-11-27T18:00:00,Mojokerto,85,26,4.5,1008,2023-11-27 18:00:00
Muara Sabak_2023-11-27T00:00:00,Muara Sabak,68,9,1.1,1010,2023-11-27
Muara Sabak_2023-11-27T06:00:00,Muara Sabak,73,9,5.6,1009,2023-11-27 06:00:00
Muara Sabak_2023-11-27T12:00:00,Muara Sabak,66,9,7.5,1008,2023-11-27 12:00:00
Muara Sabak_2023-11-27T18:00:00,Muara Sabak,65,9,7.5,1008,2023-11-27 18:00:00
Nabire_2023-11-27T00:00:00,Nabire,28,330,5.9,1008,2023-11-27
Nabire_2023-11-27T06:00:00,Nabire,33,330,8.1,1010,2023-11-27 06:00:00
Nabire_2023-11-27T12:00:00,Nabire,38,150,4.4,1009,2023-11-27 12:00:00
Nabire_2023-11-27T18:00:00,Nabire,38,150,4.2,1008,2023-11-27 18:00:00
Namlea_2023-11-27T00:00:00,Namlea,40,42,3.7,1008,2023-11-27
Namlea_2023-11-27T06:00:00,Namlea,41,42,4.7,1009,2023-11-27 06:00:00
Namlea_2023-11-27T12:00:00,Namlea,47,74,3.6,1008,2023-11-27 12:00:00
Namlea_2023-11-27T18:00:00,Namlea,47,74,4.4,1008,2023-11-27 18:00:00
Ngabang_2023-11-27T00:00:00,Ngabang,36,287,2.4,1010,2023-11-27
Ngabang_2023-11-27T06:00:00,Ngabang,27,287,0.5,1009,2023-11-27 06:00:00
Ngabang_2023-11-27T12:00:00,Ngabang,33,267,4.5,1009,2023-11-27 12:00:00
Ngabang_2023-11-27T18:00:00,Ngabang,33,267,4.5,1008,2023-11-27 18:00:00
Nganjuk_2023-11-27T00:00:00,Nganjuk,79,168,8.7,1010,2023-11-27
Nganjuk_2023-11-27T06:00:00,Nganjuk,76,168,9.3,1009,2023-11-27 06:00:00
Nganjuk_2023-11-27T12:00:00,Nganjuk,75,176,3.5,1009,2023-11-27 12:00:00
Nganjuk_2023-11-27T18:00:00,Nganjuk,75,176,4.1,1008,2023-11-27 18:00:00
Pacitan_2023-11-27T00:00:00,Pacitan,63,182,3.0,1011,2023-11-27
Pacitan_2023-11-27T06:00:00,Pacitan,66,182,3.2,1010,2023-11-27 06:00:00
Pacitan_2023-11-27T12:00:00,Pacitan,56,156,8.6,1009,2023-11-27 12:00:00
Pacitan_2023-11-27T18:00:00,Pacitan,56,156,10.4,1008,2023-11-27 18:00:00
Padang_2023-11-27T00:00:00,Padang,62,273,4.3,1012,2023-11-27
Padang_2023-11-27T06:00:00,Padang,58,273,5.4,1010,2023-11-27 06:00:00
Padang_2023-11-27T12:00:00,Padang,40,273,3.5,1010,2023-11-27 12:00:00
Padang_2023-11-27T18:00:00,Padang,42,273,5.8,1009,2023-11-27 18:00:00
Pagar Alam_2023-11-27T00:00:00,Pagar Alam,43,217,3.7,1014,2023-11-27
Pagar Alam_2023-11-27T06:00:00,Pagar Alam,39,217,5.2,1012,2023-11-27 06:00:00
Pagar Alam_2023-11-27T12:00:00,Pagar Alam,39,216,2.4,1011,2023-11-27 12:00:00
Pagar Alam_2023-11-27T18:00:00,Pagar Alam,39,216,2.1,1010,2023-11-27 18:00:00
Palangka Raya_2023-11-27T00:00:00,Palangka Raya,7,136,3.7,1009,2023-11-27
Palangka Raya_2023-11-27T06:00:00,Palangka Raya,53,136,3.9,1009,2023-11-27 06:00:00
Palangka Raya_2023-11-27T12:00:00,Palangka Raya,53,136,3.9,1009,2023-11-27 12:00:00
Palangka Raya_2023-11-27T18:00:00,Palangka Raya,53,136,2.4,1007,2023-11-27 18:00:00
Palembang_2023-11-27T00:00:00,Palembang,116,32,3.7,1010,2023-11-27
Palembang_2023-11-27T06:00:00,Palembang,84,32,3.7,1009,2023-11-27 06:00:00
Palembang_2023-11-27T12:00:00,Palembang,71,32,4.2,1009,2023-11-27 12:00:00
Palembang_2023-11-27T18:00:00,Palembang,65,32,0.0,1007,2023-11-27 18:00:00
Palopo_2023-11-27T00:00:00,Palopo,28,109,3.7,1010,2023-11-27
Palopo_2023-11-27T06:00:00,Palopo,32,109,3.5,1009,2023-11-27 06:00:00
Palopo_2023-11-27T12:00:00,Palopo,35,107,4.8,1009,2023-11-27 12:00:00
Palopo_2023-11-27T18:00:00,Palopo,35,107,1.5,1007,2023-11-27 18:00:00
Pamekasan_2023-11-27T00:00:00,Pamekasan,71,43,0.9,1009,2023-11-27
Pamekasan_2023-11-27T06:00:00,Pamekasan,73,43,7.9,1008,2023-11-27 06:00:00
Pamekasan_2023-11-27T12:00:00,Pamekasan,55,8,12.6,1008,2023-11-27 12:00:00
Pamekasan_2023-11-27T18:00:00,Pamekasan,55,8,15.7,1007,2023-11-27 18:00:00
Pandeglang_2023-11-27T00:00:00,Pandeglang,85,159,3.6,1011,2023-11-27
Pandeglang_2023-11-27T06:00:00,Pandeglang,95,159,4.9,1009,2023-11-27 06:00:00
Pandeglang_2023-11-27T12:00:00,Pandeglang,80,41,2.2,1009,2023-11-27 12:00:00
Pandeglang_2023-11-27T18:00:00,Pandeglang,80,41,2.2,1008,2023-11-27 18:00:00
Pariaman_2023-11-27T00:00:00,Pariaman,39,245,4.7,1012,2023-11-27
Pariaman_2023-11-27T06:00:00,Pariaman,27,245,5.4,1010,2023-11-27 06:00:00
Pariaman_2023-11-27T12:00:00,Pariaman,29,263,5.4,1010,2023-11-27 12:00:00
Pariaman_2023-11-27T18:00:00,Pariaman,29,263,7.3,1009,2023-11-27 18:00:00
Pasuruan_2023-11-27T00:00:00,Pasuruan,66,159,6.5,1010,2023-11-27
Pasuruan_2023-11-27T06:00:00,Pasuruan,74,159,5.8,1009,2023-11-27 06:00:00
Pasuruan_2023-11-27T12:00:00,Pasuruan,82,20,6.7,1009,2023-11-27 12:00:00
Pasuruan_2023-11-27T18:00:00,Pasuruan,82,20,6.6,1008,2023-11-27 18:00:00
Pati_2023-11-27T00:00:00,Pati,95,201,9.1,1010,2023-11-27
Pati_2023-11-27T06:00:00,Pati,91,201,5.9,1009,2023-11-27 06:00:00
Pati_2023-11-27T12:00:00,Pati,90,22,5.5,1008,2023-11-27 12:00:00
Pati_2023-11-27T18:00:00,Pati,90,22,7.7,1007,2023-11-27 18:00:00
Payakumbuh_2023-11-27T00:00:00,Payakumbuh,41,257,4.7,1013,2023-11-27
Payakumbuh_2023-11-27T06:00:00,Payakumbuh,33,257,4.2,1011,2023-11-27 06:00:00
Payakumbuh_2023-11-27T12:00:00,Payakumbuh,29,259,4.3,1011,2023-11-27 12:00:00
Payakumbuh_2023-11-27T18:00:00,Payakumbuh,29,259,3.0,1010,2023-11-27 18:00:00
Pekalongan_2023-11-27T00:00:00,Pekalongan,70,209,6.9,1010,2023-11-27
Pekalongan_2023-11-27T06:00:00,Pekalongan,66,209,7.5,1009,2023-11-27 06:00:00
Pekalongan_2023-11-27T12:00:00,Pekalongan,65,25,4.2,1009,2023-11-27 12:00:00
Pekalongan_2023-11-27T18:00:00,Pekalongan,65,25,7.2,1008,2023-11-27 18:00:00
Pekanbaru_2023-11-27T00:00:00,Pekanbaru,14,348,11.1,1011,2023-11-27
Pekanbaru_2023-11-27T06:00:00,Pekanbaru,20,348,1.8,1008,2023-11-27 06:00:00
Pekanbaru_2023-11-27T12:00:00,Pekanbaru,58,348,0.0,1006,2023-11-27 12:00:00
Pekanbaru_2023-11-27T18:00:00,Pekanbaru,42,348,0.0,1005,2023-11-27 18:00:00
Pemalang_2023-11-27T00:00:00,Pemalang,70,206,12.7,1010,2023-11-27
Pemalang_2023-11-27T06:00:00,Pemalang,67,206,9.7,1009,2023-11-27 06:00:00
Pemalang_2023-11-27T12:00:00,Pemalang,67,193,5.7,1009,2023-11-27 12:00:00
Pemalang_2023-11-27T18:00:00,Pemalang,67,193,8.0,1008,2023-11-27 18:00:00
Pinrang_2023-11-27T00:00:00,Pinrang,39,250,5.0,1009,2023-11-27
Pinrang_2023-11-27T06:00:00,Pinrang,43,250,4.4,1009,2023-11-27 06:00:00
Pinrang_2023-11-27T12:00:00,Pinrang,42,274,3.3,1009,2023-11-27 12:00:00
Pinrang_2023-11-27T18:00:00,Pinrang,42,274,6.0,1007,2023-11-27 18:00:00
Ponorogo_2023-11-27T00:00:00,Ponorogo,69,196,7.3,1011,2023-11-27
Ponorogo_2023-11-27T06:00:00,Ponorogo,70,196,7.6,1010,2023-11-27 06:00:00
Ponorogo_2023-11-27T12:00:00,Ponorogo,61,92,1.8,1009,2023-11-27 12:00:00
Ponorogo_2023-11-27T18:00:00,Ponorogo,61,92,2.2,1008,2023-11-27 18:00:00
Pontianak_2023-11-27T00:00:00,Pontianak,8,288,9.3,1011,2023-11-27
Pontianak_2023-11-27T06:00:00,Pontianak,16,288,3.7,1008,2023-11-27 06:00:00
Pontianak_2023-11-27T12:00:00,Pontianak,55,288,5.5,1008,2023-11-27 12:00:00
Pontianak_2023-11-27T18:00:00,Pontianak,65,288,7.4,1007,2023-11-27 18:00:00
Prabumulih_2023-11-27T00:00:00,Prabumulih,71,118,2.1,1011,2023-11-27
Prabumulih_2023-11-27T06:00:00,Prabumulih,62,118,2.3,1009,2023-11-27 06:00:00
Prabumulih_2023-11-27T12:00:00,Prabumulih,52,20,3.5,1008,2023-11-27 12:00:00
Prabumulih_2023-11-27T18:00:00,Prabumulih,52,20,4.1,1008,2023-11-27 18:00:00
Pringsewu_2023-11-27T00:00:00,Pringsewu,69,207,5.8,1011,2023-11-27
Pringsewu_2023-11-27T06:00:00,Pringsewu,67,207,7.3,1009,2023-11-27 06:00:00
Pringsewu_2023-11-27T12:00:00,Pringsewu,59,196,5.8,1009,2023-11-27 12:00:00
Pringsewu_2023-11-27T18:00:00,Pringsewu,59,196,5.5,1008,2023-11-27 18:00:00
Probolinggo_2023-11-27T00:00:00,Probolinggo,60,166,11.2,1010,2023-11-27
Probolinggo_2023-11-27T06:00:00,Probolinggo,63,166,13.0,1009,2023-11-27 06:00:00
Probolinggo_2023-11-27T12:00:00,Probolinggo,75,14,3.4,1008,2023-11-27 12:00:00
Probolinggo_2023-11-27T18:00:00,Probolinggo,75,14,3.9,1007,2023-11-27 18:00:00
Propinsi Gorontalo_2023-11-27T00:00:00,Propinsi Gorontalo,60,22,3.1,1009,2023-11-27
Propinsi Gorontalo_2023-11-27T06:00:00,Propinsi Gorontalo,60,22,4.6,1009,2023-11-27 06:00:00
Propinsi Gorontalo_2023-11-27T12:00:00,Propinsi Gorontalo,59,22,3.9,1009,2023-11-27 12:00:00
Propinsi Gorontalo_2023-11-27T18:00:00,Propinsi Gorontalo,59,22,2.9,1008,2023-11-27 18:00:00
Pulang Pisau_2023-11-27T00:00:00,Pulang Pisau,0,224,4.5,1010,2023-11-27
Pulang Pisau_2023-11-27T06:00:00,Pulang Pisau,0,224,4.5,1010,2023-11-27 06:00:00
Pulang Pisau_2023-11-27T12:00:00,Pulang Pisau,0,224,4.5,1010,2023-11-27 12:00:00
Pulang Pisau_2023-11-27T18:00:00,Pulang Pisau,0,224,4.5,1010,2023-11-27 18:00:00
Purbalingga_2023-11-27T00:00:00,Purbalingga,78,185,0.4,1012,2023-11-27
Purbalingga_2023-11-27T06:00:00,Purbalingga,69,185,1.0,1010,2023-11-27 06:00:00
Purbalingga_2023-11-27T12:00:00,Purbalingga,64,185,4.7,1010,2023-11-27 12:00:00
Purbalingga_2023-11-27T18:00:00,Purbalingga,64,185,5.2,1009,2023-11-27 18:00:00
Purwakarta_2023-11-27T00:00:00,Purwakarta,74,354,4.2,1011,2023-11-27
Purwakarta_2023-11-27T06:00:00,Purwakarta,97,354,3.4,1009,2023-11-27 06:00:00
Purwakarta_2023-11-27T12:00:00,Purwakarta,154,354,4.4,1009,2023-11-27 12:00:00
Purwakarta_2023-11-27T18:00:00,Purwakarta,141,354,6.3,1008,2023-11-27 18:00:00
Purworejo_2023-11-27T00:00:00,Purworejo,82,192,4.7,1011,2023-11-27
Purworejo_2023-11-27T06:00:00,Purworejo,74,192,5.6,1010,2023-11-27 06:00:00
Purworejo_2023-11-27T12:00:00,Purworejo,63,193,6.3,1009,2023-11-27 12:00:00
Purworejo_2023-11-27T18:00:00,Purworejo,63,193,8.7,1008,2023-11-27 18:00:00
Raha_2023-11-27T00:00:00,Raha,50,235,2.1,1008,2023-11-27
Raha_2023-11-27T06:00:00,Raha,52,235,1.5,1009,2023-11-27 06:00:00
Raha_2023-11-27T12:00:00,Raha,56,206,6.2,1008,2023-11-27 12:00:00
Raha_2023-11-27T18:00:00,Raha,56,206,6.3,1007,2023-11-27 18:00:00
Rembang_2023-11-27T00:00:00,Rembang,74,197,10.3,1010,2023-11-27
Rembang_2023-11-27T06:00:00,Rembang,83,197,10.2,1009,2023-11-27 06:00:00
Rembang_2023-11-27T12:00:00,Rembang,84,337,12.9,1008,2023-11-27 12:00:00
Rembang_2023-11-27T18:00:00,Rembang,84,337,15.0,1007,2023-11-27 18:00:00
Sabang_2023-11-27T00:00:00,Sabang,12,86,18.1,1012,2023-11-27
Sabang_2023-11-27T06:00:00,Sabang,9,86,11.1,1009,2023-11-27 06:00:00
Sabang_2023-11-27T12:00:00,Sabang,6,54,12.9,1009,2023-11-27 12:00:00
Sabang_2023-11-27T18:00:00,Sabang,6,54,15.2,1008,2023-11-27 18:00:00
Salatiga_2023-11-27T00:00:00,Salatiga,91,234,7.1,1012,2023-11-27
Salatiga_2023-11-27T06:00:00,Salatiga,77,234,7.5,1011,2023-11-27 06:00:00
Salatiga_2023-11-27T12:00:00,Salatiga,74,235,3.1,1010,2023-11-27 12:00:00
Salatiga_2023-11-27T18:00:00,Salatiga,74,235,3.2,1009,2023-11-27 18:00:00
Samarinda_2023-11-27T00:00:00,Samarinda,31,16,0.3,1009,2023-11-27
Samarinda_2023-11-27T06:00:00,Samarinda,40,16,3.8,1009,2023-11-27 06:00:00
Samarinda_2023-11-27T12:00:00,Samarinda,29,16,1.4,1009,2023-11-27 12:00:00
Samarinda_2023-11-27T18:00:00,Samarinda,40,16,3.1,1007,2023-11-27 18:00:00
Sambas_2023-11-27T00:00:00,Sambas,31,306,1.6,1010,2023-11-27
Sambas_2023-11-27T06:00:00,Sambas,21,306,0.2,1009,2023-11-27 06:00:00
Sambas_2023-11-27T12:00:00,Sambas,18,233,5.9,1008,2023-11-27 12:00:00
Sambas_2023-11-27T18:00:00,Sambas,18,233,6.0,1008,2023-11-27 18:00:00
Sampang_2023-11-27T00:00:00,Sampang,71,172,7.3,1009,2023-11-27
Sampang_2023-11-27T06:00:00,Sampang,74,172,12.0,1008,2023-11-27 06:00:00
Sampang_2023-11-27T12:00:00,Sampang,57,18,13.3,1008,2023-11-27 12:00:00
Sampang_2023-11-27T18:00:00,Sampang,57,18,18.2,1007,2023-11-27 18:00:00
Sampit_2023-11-27T00:00:00,Sampit,54,142,1.8,1010,2023-11-27
Sampit_2023-11-27T06:00:00,Sampit,39,142,4.2,1009,2023-11-27 06:00:00
Sampit_2023-11-27T12:00:00,Sampit,45,342,1.7,1009,2023-11-27 12:00:00
Sampit_2023-11-27T18:00:00,Sampit,45,342,2.4,1007,2023-11-27 18:00:00
Sanggau_2023-11-27T00:00:00,Sanggau,36,278,3.1,1010,2023-11-27
Sanggau_2023-11-27T06:00:00,Sanggau,28,278,1.9,1009,2023-11-27 06:00:00
Sanggau_2023-11-27T12:00:00,Sanggau,34,76,0.8,1009,2023-11-27 12:00:00
Sanggau_2023-11-27T18:00:00,Sanggau,34,76,1.2,1008,2023-11-27 18:00:00
Sarmi_2023-11-27T00:00:00,Sarmi,35,21,7.0,1007,2023-11-27
Sarmi_2023-11-27T06:00:00,Sarmi,39,21,6.4,1010,2023-11-27 06:00:00
Sarmi_2023-11-27T12:00:00,Sarmi,54,2,1.9,1009,2023-11-27 12:00:00
Sarmi_2023-11-27T18:00:00,Sarmi,54,2,2.7,1008,2023-11-27 18:00:00
Sarolangun_2023-11-27T00:00:00,Sarolangun,54,33,1.2,1011,2023-11-27
Sarolangun_2023-11-27T06:00:00,Sarolangun,54,33,2.8,1009,2023-11-27 06:00:00
Sarolangun_2023-11-27T12:00:00,Sarolangun,42,95,4.5,1008,2023-11-27 12:00:00
Sarolangun_2023-11-27T18:00:00,Sarolangun,42,95,4.7,1007,2023-11-27 18:00:00
Sekadau_2023-11-27T00:00:00,Sekadau,34,291,3.6,1010,2023-11-27
Sekadau_2023-11-27T06:00:00,Sekadau,25,291,1.5,1009,2023-11-27 06:00:00
Sekadau_2023-11-27T12:00:00,Sekadau,36,74,2.4,1009,2023-11-27 12:00:00
Sekadau_2023-11-27T18:00:00,Sekadau,36,74,2.3,1008,2023-11-27 18:00:00
Semarang_2023-11-27T00:00:00,Semarang,119,321,7.4,1010,2023-11-27
Semarang_2023-11-27T06:00:00,Semarang,74,321,0.0,1008,2023-11-27 06:00:00
Semarang_2023-11-27T12:00:00,Semarang,44,337,8.0,1009,2023-11-27 12:00:00
Semarang_2023-11-27T18:00:00,Semarang,63,337,18.5,1006,2023-11-27 18:00:00
Serui_2023-11-27T00:00:00,Serui,30,26,4.2,1008,2023-11-27
Serui_2023-11-27T06:00:00,Serui,38,26,14.9,1010,2023-11-27 06:00:00
Serui_2023-11-27T12:00:00,Serui,42,189,4.0,1009,2023-11-27 12:00:00
Serui_2023-11-27T18:00:00,Serui,42,189,4.6,1008,2023-11-27 18:00:00
Sibolga_2023-11-27T00:00:00,Sibolga,30,243,2.3,1012,2023-11-27
Sibolga_2023-11-27T06:00:00,Sibolga,24,243,3.6,1010,2023-11-27 06:00:00
Sibolga_2023-11-27T12:00:00,Sibolga,23,246,1.1,1010,2023-11-27 12:00:00
Sibolga_2023-11-27T18:00:00,Sibolga,23,246,5.4,1008,2023-11-27 18:00:00
Sidoarjo_2023-11-27T00:00:00,Sidoarjo,90,127,9.3,1009,2023-11-27
Sidoarjo_2023-11-27T06:00:00,Sidoarjo,91,127,3.7,1008,2023-11-27 06:00:00
Sidoarjo_2023-11-27T12:00:00,Sidoarjo,85,53,9.3,1007,2023-11-27 12:00:00
Sidoarjo_2023-11-27T18:00:00,Sidoarjo,85,53,13.0,1006,2023-11-27 18:00:00
Sigi Biromaru_2023-11-27T00:00:00,Sigi Biromaru,23,286,3.6,1011,2023-11-27
Sigi Biromaru_2023-11-27T06:00:00,Sigi Biromaru,31,286,2.3,1011,2023-11-27 06:00:00
Sigi Biromaru_2023-11-27T12:00:00,Sigi Biromaru,23,304,0.4,1011,2023-11-27 12:00:00
Sigi Biromaru_2023-11-27T18:00:00,Sigi Biromaru,23,304,3.2,1009,2023-11-27 18:00:00
Sijunjung_2023-11-27T00:00:00,Sijunjung,43,313,3.2,1012,2023-11-27
Sijunjung_2023-11-27T06:00:00,Sijunjung,35,313,2.1,1010,2023-11-27 06:00:00
Sijunjung_2023-11-27T12:00:00,Sijunjung,33,323,1.4,1009,2023-11-27 12:00:00
Sijunjung_2023-11-27T18:00:00,Sijunjung,33,323,3.5,1008,2023-11-27 18:00:00
Singkawang_2023-11-27T00:00:00,Singkawang,29,300,8.0,1010,2023-11-27
Singkawang_2023-11-27T06:00:00,Singkawang,23,300,1.8,1009,2023-11-27 06:00:00
Singkawang_2023-11-27T12:00:00,Singkawang,25,245,11.2,1009,2023-11-27 12:00:00
Singkawang_2023-11-27T18:00:00,Singkawang,25,245,12.2,1008,2023-11-27 18:00:00
Sinjai_2023-11-27T00:00:00,Sinjai,54,105,6.4,1009,2023-11-27
Sinjai_2023-11-27T06:00:00,Sinjai,54,105,3.7,1009,2023-11-27 06:00:00
Sinjai_2023-11-27T12:00:00,Sinjai,52,96,7.3,1009,2023-11-27 12:00:00
Sinjai_2023-11-27T18:00:00,Sinjai,52,96,8.7,1007,2023-11-27 18:00:00
Sintang_2023-11-27T00:00:00,Sintang,2,298,1.3,1010,2023-11-27
Sintang_2023-11-27T06:00:00,Sintang,18,298,1.2,1009,2023-11-27 06:00:00
Sintang_2023-11-27T12:00:00,Sintang,15,112,1.2,1010,2023-11-27 12:00:00
Sintang_2023-11-27T18:00:00,Sintang,14,112,1.4,1008,2023-11-27 18:00:00
Situbondo_2023-11-27T00:00:00,Situbondo,52,205,13.1,1009,2023-11-27
Situbondo_2023-11-27T06:00:00,Situbondo,56,205,10.5,1009,2023-11-27 06:00:00
Situbondo_2023-11-27T12:00:00,Situbondo,62,6,3.4,1008,2023-11-27 12:00:00
Situbondo_2023-11-27T18:00:00,Situbondo,62,6,5.3,1008,2023-11-27 18:00:00
Sleman_2023-11-27T00:00:00,Sleman,90,203,4.6,1011,2023-11-27
Sleman_2023-11-27T06:00:00,Sleman,68,203,4.2,1010,2023-11-27 06:00:00
Sleman_2023-11-27T12:00:00,Sleman,73,193,6.7,1010,2023-11-27 12:00:00
Sleman_2023-11-27T18:00:00,Sleman,61,193,9.7,1009,2023-11-27 18:00:00
Solok_2023-11-27T00:00:00,Solok,43,307,3.6,1013,2023-11-27
Solok_2023-11-27T06:00:00,Solok,31,307,3.3,1011,2023-11-27 06:00:00
Solok_2023-11-27T12:00:00,Solok,32,258,4.6,1011,2023-11-27 12:00:00
Solok_2023-11-27T18:00:00,Solok,32,258,6.6,1009,2023-11-27 18:00:00
Sorong_2023-11-27T00:00:00,Sorong,19,9,10.2,1008,2023-11-27
Sorong_2023-11-27T06:00:00,Sorong,28,9,6.7,1009,2023-11-27 06:00:00
Sorong_2023-11-27T12:00:00,Sorong,66,139,5.4,1009,2023-11-27 12:00:00
Sorong_2023-11-27T18:00:00,Sorong,19,139,5.1,1007,2023-11-27 18:00:00
South Tangerang_2023-11-27T00:00:00,South Tangerang,158,342,5.5,1012,2023-11-27
South Tangerang_2023-11-27T06:00:00,South Tangerang,166,342,9.3,1008,2023-11-27 06:00:00
South Tangerang_2023-11-27T12:00:00,South Tangerang,102,342,14.8,1008,2023-11-27 12:00:00
South Tangerang_2023-11-27T18:00:00,South Tangerang,97,342,14.8,1007,2023-11-27 18:00:00
Sragen_2023-11-27T00:00:00,Sragen,88,214,13.2,1010,2023-11-27
Sragen_2023-11-27T06:00:00,Sragen,81,214,10.8,1009,2023-11-27 06:00:00
Sragen_2023-11-27T12:00:00,Sragen,71,4,10.3,1009,2023-11-27 12:00:00
Sragen_2023-11-27T18:00:00,Sragen,71,4,12.1,1008,2023-11-27 18:00:00
Subang_2023-11-27T00:00:00,Subang,76,181,4.1,1012,2023-11-27
Subang_2023-11-27T06:00:00,Subang,66,181,5.3,1010,2023-11-27 06:00:00
Subang_2023-11-27T12:00:00,Subang,68,89,4.2,1010,2023-11-27 12:00:00
Subang_2023-11-27T18:00:00,Subang,68,89,3.8,1009,2023-11-27 18:00:00
Sukoharjo_2023-11-27T00:00:00,Sukoharjo,74,206,8.8,1011,2023-11-27
Sukoharjo_2023-11-27T06:00:00,Sukoharjo,74,206,7.8,1010,2023-11-27 06:00:00
Sukoharjo_2023-11-27T12:00:00,Sukoharjo,62,196,9.4,1009,2023-11-27 12:00:00
Sukoharjo_2023-11-27T18:00:00,Sukoharjo,62,196,9.4,1008,2023-11-27 18:00:00
Sumedang_2023-11-27T00:00:00,Sumedang,88,184,3.7,1012,2023-11-27
Sumedang_2023-11-27T06:00:00,Sumedang,80,184,5.0,1010,2023-11-27 06:00:00
Sumedang_2023-11-27T12:00:00,Sumedang,74,21,1.8,1010,2023-11-27 12:00:00
Sumedang_2023-11-27T18:00:00,Sumedang,74,21,2.8,1009,2023-11-27 18:00:00
Sumenep_2023-11-27T00:00:00,Sumenep,82,42,4.9,1009,2023-11-27
Sumenep_2023-11-27T06:00:00,Sumenep,76,42,1.6,1008,2023-11-27 06:00:00
Sumenep_2023-11-27T12:00:00,Sumenep,56,14,13.2,1008,2023-11-27 12:00:00
Sumenep_2023-11-27T18:00:00,Sumenep,56,14,15.7,1007,2023-11-27 18:00:00
Sungai Penuh_2023-11-27T00:00:00,Sungai Penuh,43,227,2.3,1014,2023-11-27
Sungai Penuh_2023-11-27T06:00:00,Sungai Penuh,45,227,1.8,1012,2023-11-27 06:00:00
Sungai Penuh_2023-11-27T12:00:00,Sungai Penuh,36,233,2.4,1011,2023-11-27 12:00:00
Sungai Penuh_2023-11-27T18:00:00,Sungai Penuh,36,233,4.9,1010,2023-11-27 18:00:00
Surabaya_2023-11-27T00:00:00,Surabaya,82,87,9.3,1009,2023-11-27
Surabaya_2023-11-27T06:00:00,Surabaya,96,87,3.7,1008,2023-11-27 06:00:00
Surabaya_2023-11-27T12:00:00,Surabaya,122,87,9.3,1007,2023-11-27 12:00:00
Surabaya_2023-11-27T18:00:00,Surabaya,93,87,13.0,1006,2023-11-27 18:00:00
Surakarta_2023-11-27T00:00:00,Surakarta,58,205,12.6,1010,2023-11-27
Surakarta_2023-11-27T06:00:00,Surakarta,52,205,10.3,1009,2023-11-27 06:00:00
Surakarta_2023-11-27T12:00:00,Surakarta,57,205,7.2,1009,2023-11-27 12:00:00
Surakarta_2023-11-27T18:00:00,Surakarta,58,205,5.8,1008,2023-11-27 18:00:00
Tabanan_2023-11-27T00:00:00,Tabanan,54,198,3.3,1010,2023-11-27
Tabanan_2023-11-27T06:00:00,Tabanan,52,198,1.0,1010,2023-11-27 06:00:00
Tabanan_2023-11-27T12:00:00,Tabanan,48,204,3.5,1009,2023-11-27 12:00:00
Tabanan_2023-11-27T18:00:00,Tabanan,48,204,4.5,1009,2023-11-27 18:00:00
Takalar_2023-11-27T00:00:00,Takalar,61,211,7.4,1009,2023-11-27
Takalar_2023-11-27T06:00:00,Takalar,59,211,3.1,1008,2023-11-27 06:00:00
Takalar_2023-11-27T12:00:00,Takalar,56,235,12.6,1009,2023-11-27 12:00:00
Takalar_2023-11-27T18:00:00,Takalar,56,235,13.0,1008,2023-11-27 18:00:00
Tangerang_2023-11-27T00:00:00,Tangerang,158,320,5.5,1010,2023-11-27
Tangerang_2023-11-27T06:00:00,Tangerang,173,320,9.3,1008,2023-11-27 06:00:00
Tangerang_2023-11-27T12:00:00,Tangerang,129,320,13.0,1008,2023-11-27 12:00:00
Tangerang_2023-11-27T18:00:00,Tangerang,101,320,7.4,1007,2023-11-27 18:00:00
Tanjungpinang_2023-11-27T00:00:00,Tanjungpinang,43,309,5.6,1010,2023-11-27
Tanjungpinang_2023-11-27T06:00:00,Tanjungpinang,40,309,13.0,1008,2023-11-27 06:00:00
Tanjungpinang_2023-11-27T12:00:00,Tanjungpinang,26,309,7.0,1009,2023-11-27 12:00:00
Tanjungpinang_2023-11-27T18:00:00,Tanjungpinang,27,309,7.3,1008,2023-11-27 18:00:00
Tarakan_2023-11-27T00:00:00,Tarakan,13,260,11.8,1009,2023-11-27
Tarakan_2023-11-27T06:00:00,Tarakan,20,260,11.2,1009,2023-11-27 06:00:00
Tarakan_2023-11-27T12:00:00,Tarakan,6,302,12.3,1009,2023-11-27 12:00:00
Tarakan_2023-11-27T18:00:00,Tarakan,6,302,3.7,1007,2023-11-27 18:00:00
Tarempa_2023-11-27T00:00:00,Tarempa,14,41,13.3,1010,2023-11-27
Tarempa_2023-11-27T06:00:00,Tarempa,8,41,12.5,1008,2023-11-27 06:00:00
Tarempa_2023-11-27T12:00:00,Tarempa,6,53,15.1,1008,2023-11-27 12:00:00
Tarempa_2023-11-27T18:00:00,Tarempa,6,53,22.0,1008,2023-11-27 18:00:00
Tasikmalaya_2023-11-27T00:00:00,Tasikmalaya,73,168,2.3,1012,2023-11-27
Tasikmalaya_2023-11-27T06:00:00,Tasikmalaya,64,168,1.4,1011,2023-11-27 06:00:00
Tasikmalaya_2023-11-27T12:00:00,Tasikmalaya,62,115,5.3,1010,2023-11-27 12:00:00
Tasikmalaya_2023-11-27T18:00:00,Tasikmalaya,62,115,5.7,1009,2023-11-27 18:00:00
Tegal_2023-11-27T00:00:00,Tegal,71,213,14.1,1010,2023-11-27
Tegal_2023-11-27T06:00:00,Tegal,67,213,10.8,1009,2023-11-27 06:00:00
Tegal_2023-11-27T12:00:00,Tegal,69,211,7.6,1009,2023-11-27 12:00:00
Tegal_2023-11-27T18:00:00,Tegal,69,211,9.5,1008,2023-11-27 18:00:00
Temanggung_2023-11-27T00:00:00,Temanggung,90,186,4.9,1012,2023-11-27
Temanggung_2023-11-27T06:00:00,Temanggung,76,186,4.7,1011,2023-11-27 06:00:00
Temanggung_2023-11-27T12:00:00,Temanggung,71,188,3.9,1011,2023-11-27 12:00:00
Temanggung_2023-11-27T18:00:00,Temanggung,71,188,3.5,1010,2023-11-27 18:00:00
Ternate_2023-11-27T00:00:00,Ternate,12,72,3.8,1008,2023-11-27
Ternate_2023-11-27T06:00:00,Ternate,10,72,3.7,1009,2023-11-27 06:00:00
Ternate_2023-11-27T12:00:00,Ternate,15,204,2.2,1009,2023-11-27 12:00:00
Ternate_2023-11-27T18:00:00,Ternate,15,204,6.2,1008,2023-11-27 18:00:00
Tomohon_2023-11-27T00:00:00,Tomohon,10,118,1.8,1010,2023-11-27
Tomohon_2023-11-27T06:00:00,Tomohon,9,118,2.6,1010,2023-11-27 06:00:00
Tomohon_2023-11-27T12:00:00,Tomohon,8,25,2.4,1010,2023-11-27 12:00:00
Tomohon_2023-11-27T18:00:00,Tomohon,8,25,3.2,1009,2023-11-27 18:00:00
Trenggalek_2023-11-27T00:00:00,Trenggalek,63,163,1.0,1011,2023-11-27
Trenggalek_2023-11-27T06:00:00,Trenggalek,65,163,1.5,1010,2023-11-27 06:00:00
Trenggalek_2023-11-27T12:00:00,Trenggalek,54,161,6.2,1010,2023-11-27 12:00:00
Trenggalek_2023-11-27T18:00:00,Trenggalek,54,161,8.9,1009,2023-11-27 18:00:00
Tual_2023-11-27T00:00:00,Tual,49,183,6.7,1007,2023-11-27
Tual_2023-11-27T06:00:00,Tual,51,183,8.2,1009,2023-11-27 06:00:00
Tual_2023-11-27T12:00:00,Tual,50,15,6.6,1008,2023-11-27 12:00:00
Tual_2023-11-27T18:00:00,Tual,50,15,5.1,1007,2023-11-27 18:00:00
Tuban_2023-11-27T00:00:00,Tuban,72,184,15.9,1009,2023-11-27
Tuban_2023-11-27T06:00:00,Tuban,76,184,11.3,1009,2023-11-27 06:00:00
Tuban_2023-11-27T12:00:00,Tuban,73,339,12.1,1008,2023-11-27 12:00:00
Tuban_2023-11-27T18:00:00,Tuban,73,339,15.7,1007,2023-11-27 18:00:00
Tulungagung_2023-11-27T00:00:00,Tulungagung,63,181,3.2,1011,2023-11-27
Tulungagung_2023-11-27T06:00:00,Tulungagung,65,181,3.2,1010,2023-11-27 06:00:00
Tulungagung_2023-11-27T12:00:00,Tulungagung,54,173,9.3,1009,2023-11-27 12:00:00
Tulungagung_2023-11-27T18:00:00,Tulungagung,54,173,13.1,1008,2023-11-27 18:00:00
Wonogiri_2023-11-27T00:00:00,Wonogiri,71,194,5.1,1011,2023-11-27
Wonogiri_2023-11-27T06:00:00,Wonogiri,72,194,5.5,1010,2023-11-27 06:00:00
Wonogiri_2023-11-27T12:00:00,Wonogiri,59,171,10.8,1009,2023-11-27 12:00:00
Wonogiri_2023-11-27T18:00:00,Wonogiri,59,171,10.8,1008,2023-11-27 18:00:00
Wonosobo_2023-11-27T00:00:00,Wonosobo,87,189,1.9,1013,2023-11-27
Wonosobo_2023-11-27T06:00:00,Wonosobo,73,189,0.7,1011,2023-11-27 06:00:00
Wonosobo_2023-11-27T12:00:00,Wonosobo,63,224,3.7,1011,2023-11-27 12:00:00
Wonosobo_2023-11-27T18:00:00,Wonosobo,63,224,3.6,1010,2023-11-27 18:00:00
Yogyakarta_2023-11-27T00:00:00,Yogyakarta,76,199,5.3,1011,2023-11-27
Yogyakarta_2023-11-27T06:00:00,Yogyakarta,74,199,4.8,1010,2023-11-27 06:00:00
Yogyakarta_2023-11-27T12:00:00,Yogyakarta,61,190,7.2,1009,2023-11-27 12:00:00
Yogyakarta_2023-11-27T18:00:00,Yogyakarta,61,190,11.3,1008,2023-11-27 18:00:00
