id,kota,jamCuaca,kodeCuaca,cuaca,humidity,tempC,tempF,iqa,wind_dir_deg,wind_spd_km_h,pressure_mbar,accessed
Ambon_2023-11-20T00:00:00,Ambon,2023-11-20 00:00:00,3,Berawan,80,29.0,84.0,47,174,7.4,1010,2023-11-20
Ambon_2023-11-20T06:00:00,Ambon,2023-11-20 06:00:00,3,Berawan,65,32.0,90.0,52,174,11.1,1011,2023-11-20 06:00:00
Ambon_2023-11-20T12:00:00,Ambon,2023-11-20 12:00:00,1,Cerah Berawan,80,28.0,82.0,54,174,18.4,1009,2023-11-20 12:00:00
Ambon_2023-11-20T18:00:00,Ambon,2023-11-20 18:00:00,1,Cerah Berawan,95,24.0,75.0,51,174,12.8,1010,2023-11-20 18:00:00
Badung_2023-11-20T00:00:00,Badung,2023-11-20 00:00:00,3,Berawan,85,28.0,82.0,69,184,3.7,1012,2023-11-20
Badung_2023-11-20T06:00:00,Badung,2023-11-20 06:00:00,3,Berawan,65,32.0,90.0,69,184,5.4,1012,2023-11-20 06:00:00
Badung_2023-11-20T12:00:00,Badung,2023-11-20 12:00:00,1,Cerah Berawan,80,28.0,82.0,41,184,15.4,1011,2023-11-20 12:00:00
Badung_2023-11-20T18:00:00,Badung,2023-11-20 18:00:00,1,Cerah Berawan,80,26.0,79.0,55,184,9.6,1011,2023-11-20 18:00:00
Balikpapan_2023-11-20T00:00:00,Balikpapan,2023-11-20 00:00:00,3,Berawan,100,26.0,79.0,44,217,9.3,1010,2023-11-20
Balikpapan_2023-11-20T06:00:00,Balikpapan,2023-11-20 06:00:00,60,Hujan Ringan,80,29.0,84.0,31,217,5.5,1009,2023-11-20 06:00:00
Balikpapan_2023-11-20T12:00:00,Balikpapan,2023-11-20 12:00:00,60,Hujan Ringan,90,26.0,79.0,29,174,7.4,1010,2023-11-20 12:00:00
Balikpapan_2023-11-20T18:00:00,Balikpapan,2023-11-20 18:00:00,3,Berawan,100,25.0,77.0,26,176,9.4,1008,2023-11-20 18:00:00
Banda Aceh_2023-11-20T00:00:00,Banda Aceh,2023-11-20 00:00:00,1,Cerah Berawan,90,23.0,73.0,29,174,6.6,1012,2023-11-20
Banda Aceh_2023-11-20T06:00:00,Banda Aceh,2023-11-20 06:00:00,1,Cerah Berawan,65,31.0,88.0,31,174,15.7,1010,2023-11-20 06:00:00
Banda Aceh_2023-11-20T12:00:00,Banda Aceh,2023-11-20 12:00:00,3,Berawan,90,25.0,77.0,33,174,15.4,1012,2023-11-20 12:00:00
Banda Aceh_2023-11-20T18:00:00,Banda Aceh,2023-11-20 18:00:00,60,Hujan Ringan,95,23.0,73.0,33,174,4.7,1009,2023-11-20 18:00:00
Bandung_2023-11-20T00:00:00,Bandung,2023-11-20 00:00:00,1,Cerah Berawan,85,25.0,77.0,127,352,1.5,1014,2023-11-20
Bandung_2023-11-20T06:00:00,Bandung,2023-11-20 06:00:00,60,Hujan Ringan,55,31.0,88.0,81,352,4.9,1013,2023-11-20 06:00:00
Bandung_2023-11-20T12:00:00,Bandung,2023-11-20 12:00:00,1,Cerah Berawan,80,25.0,77.0,67,352,6.9,1012,2023-11-20 12:00:00
Bandung_2023-11-20T18:00:00,Bandung,2023-11-20 18:00:00,1,Cerah Berawan,90,22.0,72.0,100,352,3.7,1011,2023-11-20 18:00:00
Banggai_2023-11-20T00:00:00,Banggai,2023-11-20 00:00:00,3,Berawan,75,26.0,79.0,26,207,11.3,1010,2023-11-20
Banggai_2023-11-20T06:00:00,Banggai,2023-11-20 06:00:00,3,Berawan,65,33.0,91.0,30,207,11.4,1011,2023-11-20 06:00:00
Banggai_2023-11-20T12:00:00,Banggai,2023-11-20 12:00:00,1,Cerah Berawan,85,24.0,75.0,30,198,12.9,1010,2023-11-20 12:00:00
Banggai_2023-11-20T18:00:00,Banggai,2023-11-20 18:00:00,1,Cerah Berawan,80,23.0,73.0,33,200,10.7,1009,2023-11-20 18:00:00
Bangkalan_2023-11-20T00:00:00,Bangkalan,2023-11-20 00:00:00,0,,80,28.0,82.0,75,39,9.9,1010,2023-11-20
Bangkalan_2023-11-20T06:00:00,Bangkalan,2023-11-20 06:00:00,0,,60,33.0,91.0,72,39,7.8,1011,2023-11-20 06:00:00
Bangkalan_2023-11-20T12:00:00,Bangkalan,2023-11-20 12:00:00,1,Cerah Berawan,75,29.0,84.0,82,33,6.3,1010,2023-11-20 12:00:00
Bangkalan_2023-11-20T18:00:00,Bangkalan,2023-11-20 18:00:00,1,Cerah Berawan,85,26.0,79.0,70,36,14.7,1008,2023-11-20 18:00:00
Bangli_2023-11-20T00:00:00,Bangli,2023-11-20 00:00:00,3,Berawan,90,27.0,81.0,40,168,0.9,1012,2023-11-20
Bangli_2023-11-20T06:00:00,Bangli,2023-11-20 06:00:00,3,Berawan,70,31.0,88.0,37,168,3.5,1013,2023-11-20 06:00:00
Bangli_2023-11-20T12:00:00,Bangli,2023-11-20 12:00:00,1,Cerah Berawan,85,27.0,81.0,33,156,12.5,1012,2023-11-20 12:00:00
Bangli_2023-11-20T18:00:00,Bangli,2023-11-20 18:00:00,1,Cerah Berawan,85,25.0,77.0,34,156,6.4,1011,2023-11-20 18:00:00
Banjar_2023-11-20T00:00:00,Banjar,2023-11-20 00:00:00,1,Cerah Berawan,85,25.0,77.0,70,199,1.8,1015,2023-11-20
Banjar_2023-11-20T06:00:00,Banjar,2023-11-20 06:00:00,60,Hujan Ringan,55,32.0,90.0,59,199,4.2,1014,2023-11-20 06:00:00
Banjar_2023-11-20T12:00:00,Banjar,2023-11-20 12:00:00,3,Berawan,85,26.0,79.0,59,203,5.1,1013,2023-11-20 12:00:00
Banjar_2023-11-20T18:00:00,Banjar,2023-11-20 18:00:00,1,Cerah Berawan,95,24.0,75.0,62,204,3.2,1012,2023-11-20 18:00:00
Banjarmasin_2023-11-20T00:00:00,Banjarmasin,2023-11-20 00:00:00,3,Berawan,90,27.0,81.0,53,201,5.7,1010,2023-11-20
Banjarmasin_2023-11-20T06:00:00,Banjarmasin,2023-11-20 06:00:00,95,Hujan Petir,60,33.0,91.0,53,201,3.0,1010,2023-11-20 06:00:00
Banjarmasin_2023-11-20T12:00:00,Banjarmasin,2023-11-20 12:00:00,3,Berawan,85,26.0,79.0,42,217,8.4,1009,2023-11-20 12:00:00
Banjarmasin_2023-11-20T18:00:00,Banjarmasin,2023-11-20 18:00:00,1,Cerah Berawan,95,24.0,75.0,37,214,2.6,1008,2023-11-20 18:00:00
Banjarnegara_2023-11-20T00:00:00,Banjarnegara,2023-11-20 00:00:00,3,Berawan,85,26.0,79.0,62,173,1.9,1014,2023-11-20
Banjarnegara_2023-11-20T06:00:00,Banjarnegara,2023-11-20 06:00:00,3,Berawan,65,30.0,86.0,56,173,2.7,1013,2023-11-20 06:00:00
Banjarnegara_2023-11-20T12:00:00,Banjarnegara,2023-11-20 12:00:00,4,Berawan Tebal,80,27.0,81.0,49,174,8.5,1012,2023-11-20 12:00:00
Banjarnegara_2023-11-20T18:00:00,Banjarnegara,2023-11-20 18:00:00,3,Berawan,90,22.0,72.0,44,173,8.1,1011,2023-11-20 18:00:00
Bantaeng_2023-11-20T00:00:00,Bantaeng,2023-11-20 00:00:00,1,Cerah Berawan,80,27.0,81.0,60,134,7.7,1011,2023-11-20
Bantaeng_2023-11-20T06:00:00,Bantaeng,2023-11-20 06:00:00,60,Hujan Ringan,65,34.0,93.0,55,134,9.0,1012,2023-11-20 06:00:00
Bantaeng_2023-11-20T12:00:00,Bantaeng,2023-11-20 12:00:00,3,Berawan,75,29.0,84.0,54,113,20.9,1010,2023-11-20 12:00:00
Bantaeng_2023-11-20T18:00:00,Bantaeng,2023-11-20 18:00:00,3,Berawan,85,25.0,77.0,52,113,14.6,1010,2023-11-20 18:00:00
Bantul_2023-11-20T00:00:00,Bantul,2023-11-20 00:00:00,3,Berawan,80,27.0,81.0,54,182,2.7,1012,2023-11-20
Bantul_2023-11-20T06:00:00,Bantul,2023-11-20 06:00:00,1,Cerah Berawan,65,32.0,90.0,53,182,1.4,1012,2023-11-20 06:00:00
Bantul_2023-11-20T12:00:00,Bantul,2023-11-20 12:00:00,1,Cerah Berawan,85,27.0,81.0,45,164,16.3,1011,2023-11-20 12:00:00
Bantul_2023-11-20T18:00:00,Bantul,2023-11-20 18:00:00,3,Berawan,95,25.0,77.0,42,166,16.1,1010,2023-11-20 18:00:00
Banyumas_2023-11-20T00:00:00,Banyumas,2023-11-20 00:00:00,3,Berawan,85,26.0,79.0,60,177,2.4,1013,2023-11-20
Banyumas_2023-11-20T06:00:00,Banyumas,2023-11-20 06:00:00,3,Berawan,65,31.0,88.0,56,177,1.9,1012,2023-11-20 06:00:00
Banyumas_2023-11-20T12:00:00,Banyumas,2023-11-20 12:00:00,4,Berawan Tebal,80,27.0,81.0,52,162,12.2,1011,2023-11-20 12:00:00
Banyumas_2023-11-20T18:00:00,Banyumas,2023-11-20 18:00:00,3,Berawan,90,23.0,73.0,43,161,10.8,1010,2023-11-20 18:00:00
Banyuwangi_2023-11-20T00:00:00,Banyuwangi,2023-11-20 00:00:00,1,Cerah Berawan,80,27.0,81.0,44,155,5.4,1012,2023-11-20
Banyuwangi_2023-11-20T06:00:00,Banyuwangi,2023-11-20 06:00:00,0,,60,31.0,88.0,37,155,6.2,1013,2023-11-20 06:00:00
Banyuwangi_2023-11-20T12:00:00,Banyuwangi,2023-11-20 12:00:00,1,Cerah Berawan,80,27.0,81.0,33,155,12.9,1012,2023-11-20 12:00:00
Banyuwangi_2023-11-20T18:00:00,Banyuwangi,2023-11-20 18:00:00,1,Cerah Berawan,85,25.0,77.0,33,154,8.6,1011,2023-11-20 18:00:00
Barru_2023-11-20T00:00:00,Barru,2023-11-20 00:00:00,1,Cerah Berawan,80,26.0,79.0,45,216,5.5,1010,2023-11-20
Barru_2023-11-20T06:00:00,Barru,2023-11-20 06:00:00,60,Hujan Ringan,65,33.0,91.0,47,216,6.0,1011,2023-11-20 06:00:00
Barru_2023-11-20T12:00:00,Barru,2023-11-20 12:00:00,3,Berawan,75,28.0,82.0,52,221,9.3,1009,2023-11-20 12:00:00
Barru_2023-11-20T18:00:00,Barru,2023-11-20 18:00:00,3,Berawan,85,24.0,75.0,52,222,7.0,1009,2023-11-20 18:00:00
Batam_2023-11-20T00:00:00,Batam,2023-11-20 00:00:00,1,Cerah Berawan,90,25.0,77.0,52,20,17.5,1011,2023-11-20
Batam_2023-11-20T06:00:00,Batam,2023-11-20 06:00:00,61,Hujan Sedang,65,32.0,90.0,37,20,5.5,1011,2023-11-20 06:00:00
Batam_2023-11-20T12:00:00,Batam,2023-11-20 12:00:00,95,Hujan Petir,90,26.0,79.0,58,20,13.0,1012,2023-11-20 12:00:00
Batam_2023-11-20T18:00:00,Batam,2023-11-20 18:00:00,95,Hujan Petir,95,24.0,75.0,65,20,6.9,1008,2023-11-20 18:00:00
Batang_2023-11-20T00:00:00,Batang,2023-11-20 00:00:00,1,Cerah Berawan,75,28.0,82.0,74,156,12.5,1011,2023-11-20
Batang_2023-11-20T06:00:00,Batang,2023-11-20 06:00:00,3,Berawan,55,34.0,93.0,69,156,12.9,1011,2023-11-20 06:00:00
Batang_2023-11-20T12:00:00,Batang,2023-11-20 12:00:00,3,Berawan,75,28.0,82.0,74,12,13.0,1010,2023-11-20 12:00:00
Batang_2023-11-20T18:00:00,Batang,2023-11-20 18:00:00,3,Berawan,85,25.0,77.0,81,10,10.9,1009,2023-11-20 18:00:00
Batu_2023-11-20T00:00:00,Batu,2023-11-20 00:00:00,1,Cerah Berawan,90,20.0,68.0,52,159,3.2,1014,2023-11-20
Batu_2023-11-20T06:00:00,Batu,2023-11-20 06:00:00,3,Berawan,70,27.0,81.0,46,159,3.0,1013,2023-11-20 06:00:00
Batu_2023-11-20T12:00:00,Batu,2023-11-20 12:00:00,1,Cerah Berawan,90,18.0,64.0,48,143,1.7,1012,2023-11-20 12:00:00
Batu_2023-11-20T18:00:00,Batu,2023-11-20 18:00:00,45,Berkabut,100,16.0,61.0,54,142,4.6,1012,2023-11-20 18:00:00
Bekasi_2023-11-20T00:00:00,Bekasi,2023-11-20 00:00:00,1,Cerah Berawan,80,25.0,77.0,94,1,14.8,1006,2023-11-20
Bekasi_2023-11-20T06:00:00,Bekasi,2023-11-20 06:00:00,61,Hujan Sedang,55,34.0,93.0,102,1,5.5,1006,2023-11-20 06:00:00
Bekasi_2023-11-20T12:00:00,Bekasi,2023-11-20 12:00:00,61,Hujan Sedang,80,25.0,77.0,97,1,13.0,1010,2023-11-20 12:00:00
Bekasi_2023-11-20T18:00:00,Bekasi,2023-11-20 18:00:00,60,Hujan Ringan,90,23.0,73.0,92,1,10.9,1009,2023-11-20 18:00:00
Bengkalis_2023-11-20T00:00:00,Bengkalis,2023-11-20 00:00:00,3,Berawan,85,27.0,81.0,23,20,13.4,1011,2023-11-20
Bengkalis_2023-11-20T06:00:00,Bengkalis,2023-11-20 06:00:00,3,Berawan,75,30.0,86.0,24,20,11.3,1010,2023-11-20 06:00:00
Bengkalis_2023-11-20T12:00:00,Bengkalis,2023-11-20 12:00:00,60,Hujan Ringan,85,28.0,82.0,27,38,12.3,1011,2023-11-20 12:00:00
Bengkalis_2023-11-20T18:00:00,Bengkalis,2023-11-20 18:00:00,60,Hujan Ringan,90,26.0,79.0,34,38,8.7,1008,2023-11-20 18:00:00
Bengkayang_2023-11-20T00:00:00,Bengkayang,2023-11-20 00:00:00,1,Cerah Berawan,100,25.0,77.0,32,235,1.9,1011,2023-11-20
Bengkayang_2023-11-20T06:00:00,Bengkayang,2023-11-20 06:00:00,60,Hujan Ringan,60,33.0,91.0,26,235,3.2,1010,2023-11-20 06:00:00
Bengkayang_2023-11-20T12:00:00,Bengkayang,2023-11-20 12:00:00,3,Berawan,95,25.0,77.0,27,167,5.7,1010,2023-11-20 12:00:00
Bengkayang_2023-11-20T18:00:00,Bengkayang,2023-11-20 18:00:00,3,Berawan,100,23.0,73.0,28,173,2.6,1009,2023-11-20 18:00:00
Bengkulu_2023-11-20T00:00:00,Bengkulu,2023-11-20 00:00:00,1,Cerah Berawan,90,25.0,77.0,73,199,9.1,1012,2023-11-20
Bengkulu_2023-11-20T06:00:00,Bengkulu,2023-11-20 06:00:00,1,Cerah Berawan,70,32.0,90.0,61,199,9.5,1011,2023-11-20 06:00:00
Bengkulu_2023-11-20T12:00:00,Bengkulu,2023-11-20 12:00:00,1,Cerah Berawan,85,25.0,77.0,65,199,18.5,1011,2023-11-20 12:00:00
Bengkulu_2023-11-20T18:00:00,Bengkulu,2023-11-20 18:00:00,1,Cerah Berawan,90,23.0,73.0,57,199,16.9,1010,2023-11-20 18:00:00
Bima_2023-11-20T00:00:00,Bima,2023-11-20 00:00:00,1,Cerah Berawan,75,28.0,82.0,30,172,7.5,1011,2023-11-20
Bima_2023-11-20T06:00:00,Bima,2023-11-20 06:00:00,3,Berawan,50,34.0,93.0,25,172,6.6,1012,2023-11-20 06:00:00
Bima_2023-11-20T12:00:00,Bima,2023-11-20 12:00:00,3,Berawan,90,26.0,79.0,32,160,6.6,1009,2023-11-20 12:00:00
Bima_2023-11-20T18:00:00,Bima,2023-11-20 18:00:00,1,Cerah Berawan,95,24.0,75.0,55,147,6.2,1010,2023-11-20 18:00:00
Binjai_2023-11-20T00:00:00,Binjai,2023-11-20 00:00:00,1,Cerah Berawan,95,26.0,79.0,38,323,3.9,1012,2023-11-20
Binjai_2023-11-20T06:00:00,Binjai,2023-11-20 06:00:00,60,Hujan Ringan,70,32.0,90.0,38,323,5.3,1011,2023-11-20 06:00:00
Binjai_2023-11-20T12:00:00,Binjai,2023-11-20 12:00:00,3,Berawan,85,24.0,75.0,32,344,6.9,1012,2023-11-20 12:00:00
Binjai_2023-11-20T18:00:00,Binjai,2023-11-20 18:00:00,3,Berawan,95,23.0,73.0,34,337,5.3,1009,2023-11-20 18:00:00
Bitung_2023-11-20T00:00:00,Bitung,2023-11-20 00:00:00,3,Berawan,75,28.0,82.0,37,195,12.0,1009,2023-11-20
Bitung_2023-11-20T06:00:00,Bitung,2023-11-20 06:00:00,1,Cerah Berawan,65,32.0,90.0,35,195,14.1,1011,2023-11-20 06:00:00
Bitung_2023-11-20T12:00:00,Bitung,2023-11-20 12:00:00,1,Cerah Berawan,95,25.0,77.0,31,183,19.5,1009,2023-11-20 12:00:00
Bitung_2023-11-20T18:00:00,Bitung,2023-11-20 18:00:00,3,Berawan,95,25.0,77.0,33,182,14.4,1010,2023-11-20 18:00:00
Blitar_2023-11-20T00:00:00,Blitar,2023-11-20 00:00:00,1,Cerah Berawan,80,26.0,79.0,52,187,5.4,1012,2023-11-20
Blitar_2023-11-20T06:00:00,Blitar,2023-11-20 06:00:00,0,,60,32.0,90.0,38,187,5.9,1012,2023-11-20 06:00:00
Blitar_2023-11-20T12:00:00,Blitar,2023-11-20 12:00:00,1,Cerah Berawan,80,26.0,79.0,33,172,20.8,1011,2023-11-20 12:00:00
Blitar_2023-11-20T18:00:00,Blitar,2023-11-20 18:00:00,1,Cerah Berawan,90,23.0,73.0,36,176,17.5,1010,2023-11-20 18:00:00
Blora_2023-11-20T00:00:00,Blora,2023-11-20 00:00:00,1,Cerah Berawan,80,27.0,81.0,79,194,5.0,1011,2023-11-20
Blora_2023-11-20T06:00:00,Blora,2023-11-20 06:00:00,3,Berawan,55,33.0,91.0,74,194,8.0,1011,2023-11-20 06:00:00
Blora_2023-11-20T12:00:00,Blora,2023-11-20 12:00:00,3,Berawan,75,28.0,82.0,62,9,5.5,1010,2023-11-20 12:00:00
Blora_2023-11-20T18:00:00,Blora,2023-11-20 18:00:00,3,Berawan,85,25.0,77.0,73,10,7.5,1008,2023-11-20 18:00:00
Bogor_2023-11-20T00:00:00,Bogor,2023-11-20 00:00:00,1,Cerah Berawan,80,25.0,77.0,85,4,4.9,1012,2023-11-20
Bogor_2023-11-20T06:00:00,Bogor,2023-11-20 06:00:00,60,Hujan Ringan,55,34.0,93.0,80,4,7.3,1012,2023-11-20 06:00:00
Bogor_2023-11-20T12:00:00,Bogor,2023-11-20 12:00:00,61,Hujan Sedang,80,25.0,77.0,83,4,5.8,1011,2023-11-20 12:00:00
Bogor_2023-11-20T18:00:00,Bogor,2023-11-20 18:00:00,60,Hujan Ringan,90,21.0,70.0,89,4,3.7,986,2023-11-20 18:00:00
Bojonegoro_2023-11-20T00:00:00,Bojonegoro,2023-11-20 00:00:00,0,,75,28.0,82.0,64,21,13.3,1011,2023-11-20
Bojonegoro_2023-11-20T06:00:00,Bojonegoro,2023-11-20 06:00:00,60,Hujan Ringan,45,34.0,93.0,61,21,9.7,1011,2023-11-20 06:00:00
Bojonegoro_2023-11-20T12:00:00,Bojonegoro,2023-11-20 12:00:00,0,,75,30.0,86.0,57,171,7.3,1009,2023-11-20 12:00:00
Bojonegoro_2023-11-20T18:00:00,Bojonegoro,2023-11-20 18:00:00,3,Berawan,85,25.0,77.0,69,161,9.4,1008,2023-11-20 18:00:00
Bondowoso_2023-11-20T00:00:00,Bondowoso,2023-11-20 00:00:00,0,,80,27.0,81.0,53,201,7.4,1012,2023-11-20
Bondowoso_2023-11-20T06:00:00,Bondowoso,2023-11-20 06:00:00,61,Hujan Sedang,50,34.0,93.0,32,201,6.0,1013,2023-11-20 06:00:00
Bondowoso_2023-11-20T12:00:00,Bondowoso,2023-11-20 12:00:00,0,,80,27.0,81.0,32,207,2.3,1011,2023-11-20 12:00:00
Bondowoso_2023-11-20T18:00:00,Bondowoso,2023-11-20 18:00:00,0,,90,23.0,73.0,45,201,4.9,1011,2023-11-20 18:00:00
Bontang_2023-11-20T00:00:00,Bontang,2023-11-20 00:00:00,60,Hujan Ringan,90,27.0,81.0,46,221,8.5,1010,2023-11-20
Bontang_2023-11-20T06:00:00,Bontang,2023-11-20 06:00:00,95,Hujan Petir,85,28.0,82.0,37,221,8.4,1010,2023-11-20 06:00:00
Bontang_2023-11-20T12:00:00,Bontang,2023-11-20 12:00:00,60,Hujan Ringan,90,27.0,81.0,29,215,8.2,1009,2023-11-20 12:00:00
Bontang_2023-11-20T18:00:00,Bontang,2023-11-20 18:00:00,60,Hujan Ringan,90,25.0,77.0,30,210,5.4,1008,2023-11-20 18:00:00
Boyolali_2023-11-20T00:00:00,Boyolali,2023-11-20 00:00:00,3,Berawan,80,27.0,81.0,53,204,10.5,1013,2023-11-20
Boyolali_2023-11-20T06:00:00,Boyolali,2023-11-20 06:00:00,3,Berawan,60,33.0,91.0,54,204,12.1,1013,2023-11-20 06:00:00
Boyolali_2023-11-20T12:00:00,Boyolali,2023-11-20 12:00:00,3,Berawan,75,28.0,82.0,40,199,13.5,1012,2023-11-20 12:00:00
Boyolali_2023-11-20T18:00:00,Boyolali,2023-11-20 18:00:00,3,Berawan,85,25.0,77.0,41,194,17.2,1010,2023-11-20 18:00:00
Brebes_2023-11-20T00:00:00,Brebes,2023-11-20 00:00:00,3,Berawan,75,28.0,82.0,58,205,14.7,1011,2023-11-20
Brebes_2023-11-20T06:00:00,Brebes,2023-11-20 06:00:00,3,Berawan,55,33.0,91.0,56,205,14.7,1011,2023-11-20 06:00:00
Brebes_2023-11-20T12:00:00,Brebes,2023-11-20 12:00:00,3,Berawan,75,28.0,82.0,57,197,1.5,1010,2023-11-20 12:00:00
Brebes_2023-11-20T18:00:00,Brebes,2023-11-20 18:00:00,3,Berawan,85,24.0,75.0,59,197,5.4,1008,2023-11-20 18:00:00
Bukittinggi_2023-11-20T00:00:00,Bukittinggi,2023-11-20 00:00:00,45,Berkabut,100,19.0,66.0,42,73,3.0,1014,2023-11-20
Bukittinggi_2023-11-20T06:00:00,Bukittinggi,2023-11-20 06:00:00,60,Hujan Ringan,80,25.0,77.0,41,73,2.6,1012,2023-11-20 06:00:00
Bukittinggi_2023-11-20T12:00:00,Bukittinggi,2023-11-20 12:00:00,3,Berawan,100,20.0,68.0,36,238,0.5,1013,2023-11-20 12:00:00
Bukittinggi_2023-11-20T18:00:00,Bukittinggi,2023-11-20 18:00:00,45,Berkabut,100,18.0,64.0,41,245,4.2,1011,2023-11-20 18:00:00
Bulukumba_2023-11-20T00:00:00,Bulukumba,2023-11-20 00:00:00,1,Cerah Berawan,80,27.0,81.0,58,121,4.5,1010,2023-11-20
Bulukumba_2023-11-20T06:00:00,Bulukumba,2023-11-20 06:00:00,3,Berawan,65,34.0,93.0,53,121,6.0,1011,2023-11-20 06:00:00
Bulukumba_2023-11-20T12:00:00,Bulukumba,2023-11-20 12:00:00,3,Berawan,75,29.0,84.0,53,100,17.0,1010,2023-11-20 12:00:00
Bulukumba_2023-11-20T18:00:00,Bulukumba,2023-11-20 18:00:00,3,Berawan,85,25.0,77.0,47,103,10.4,1010,2023-11-20 18:00:00
Buol_2023-11-20T00:00:00,Buol,2023-11-20 00:00:00,1,Cerah Berawan,85,28.0,82.0,28,340,6.6,1009,2023-11-20
Buol_2023-11-20T06:00:00,Buol,2023-11-20 06:00:00,60,Hujan Ringan,65,33.0,91.0,26,340,8.1,1010,2023-11-20 06:00:00
Buol_2023-11-20T12:00:00,Buol,2023-11-20 12:00:00,3,Berawan,95,25.0,77.0,25,332,11.5,1009,2023-11-20 12:00:00
Buol_2023-11-20T18:00:00,Buol,2023-11-20 18:00:00,3,Berawan,95,23.0,73.0,27,336,3.5,1009,2023-11-20 18:00:00
Ciamis_2023-11-20T00:00:00,Ciamis,2023-11-20 00:00:00,60,Hujan Ringan,85,25.0,77.0,59,152,2.6,1014,2023-11-20
Ciamis_2023-11-20T06:00:00,Ciamis,2023-11-20 06:00:00,60,Hujan Ringan,55,32.0,90.0,55,152,2.4,1013,2023-11-20 06:00:00
Ciamis_2023-11-20T12:00:00,Ciamis,2023-11-20 12:00:00,60,Hujan Ringan,80,25.0,77.0,53,149,9.6,1012,2023-11-20 12:00:00
Ciamis_2023-11-20T18:00:00,Ciamis,2023-11-20 18:00:00,60,Hujan Ringan,90,22.0,72.0,52,144,9.9,1011,2023-11-20 18:00:00
Cianjur_2023-11-20T00:00:00,Cianjur,2023-11-20 00:00:00,1,Cerah Berawan,85,25.0,77.0,90,194,1.4,1013,2023-11-20
Cianjur_2023-11-20T06:00:00,Cianjur,2023-11-20 06:00:00,1,Cerah Berawan,60,30.0,86.0,71,194,4.4,1012,2023-11-20 06:00:00
Cianjur_2023-11-20T12:00:00,Cianjur,2023-11-20 12:00:00,60,Hujan Ringan,85,24.0,75.0,64,208,4.5,1012,2023-11-20 12:00:00
Cianjur_2023-11-20T18:00:00,Cianjur,2023-11-20 18:00:00,60,Hujan Ringan,90,21.0,70.0,72,208,3.7,1010,2023-11-20 18:00:00
Cilacap_2023-11-20T00:00:00,Cilacap,2023-11-20 00:00:00,4,Berawan Tebal,80,27.0,81.0,56,164,6.8,1012,2023-11-20
Cilacap_2023-11-20T06:00:00,Cilacap,2023-11-20 06:00:00,3,Berawan,60,32.0,90.0,54,164,3.8,1012,2023-11-20 06:00:00
Cilacap_2023-11-20T12:00:00,Cilacap,2023-11-20 12:00:00,4,Berawan Tebal,75,28.0,82.0,54,146,16.1,1012,2023-11-20 12:00:00
Cilacap_2023-11-20T18:00:00,Cilacap,2023-11-20 18:00:00,60,Hujan Ringan,85,24.0,75.0,43,145,15.0,1010,2023-11-20 18:00:00
Cimahi_2023-11-20T00:00:00,Cimahi,2023-11-20 00:00:00,1,Cerah Berawan,85,25.0,77.0,93,8,0.9,1013,2023-11-20
Cimahi_2023-11-20T06:00:00,Cimahi,2023-11-20 06:00:00,60,Hujan Ringan,55,31.0,88.0,76,8,5.0,1013,2023-11-20 06:00:00
Cimahi_2023-11-20T12:00:00,Cimahi,2023-11-20 12:00:00,60,Hujan Ringan,80,25.0,77.0,69,350,7.2,1012,2023-11-20 12:00:00
Cimahi_2023-11-20T18:00:00,Cimahi,2023-11-20 18:00:00,1,Cerah Berawan,90,22.0,72.0,69,348,4.5,1011,2023-11-20 18:00:00
Cirebon_2023-11-20T00:00:00,Cirebon,2023-11-20 00:00:00,1,Cerah Berawan,80,25.0,77.0,153,37,13.7,1011,2023-11-20
Cirebon_2023-11-20T06:00:00,Cirebon,2023-11-20 06:00:00,60,Hujan Ringan,55,34.0,93.0,134,37,12.6,1011,2023-11-20 06:00:00
Cirebon_2023-11-20T12:00:00,Cirebon,2023-11-20 12:00:00,1,Cerah Berawan,80,25.0,77.0,120,37,13.6,1010,2023-11-20 12:00:00
Cirebon_2023-11-20T18:00:00,Cirebon,2023-11-20 18:00:00,1,Cerah Berawan,90,23.0,73.0,119,37,7.6,1008,2023-11-20 18:00:00
Demak_2023-11-20T00:00:00,Demak,2023-11-20 00:00:00,1,Cerah Berawan,75,28.0,82.0,65,169,10.9,1011,2023-11-20
Demak_2023-11-20T06:00:00,Demak,2023-11-20 06:00:00,3,Berawan,55,34.0,93.0,63,169,12.1,1011,2023-11-20 06:00:00
Demak_2023-11-20T12:00:00,Demak,2023-11-20 12:00:00,60,Hujan Ringan,75,28.0,82.0,64,333,8.3,1010,2023-11-20 12:00:00
Demak_2023-11-20T18:00:00,Demak,2023-11-20 18:00:00,3,Berawan,85,26.0,79.0,66,332,14.2,1008,2023-11-20 18:00:00
Denpasar_2023-11-20T00:00:00,Denpasar,2023-11-20 00:00:00,3,Berawan,85,28.0,82.0,76,182,1.8,1011,2023-11-20
Denpasar_2023-11-20T06:00:00,Denpasar,2023-11-20 06:00:00,3,Berawan,65,33.0,91.0,54,182,3.7,1011,2023-11-20 06:00:00
Denpasar_2023-11-20T12:00:00,Denpasar,2023-11-20 12:00:00,1,Cerah Berawan,80,28.0,82.0,37,182,16.7,1011,2023-11-20 12:00:00
Denpasar_2023-11-20T18:00:00,Denpasar,2023-11-20 18:00:00,1,Cerah Berawan,85,26.0,79.0,61,182,13.8,1011,2023-11-20 18:00:00
Dompu_2023-11-20T00:00:00,Dompu,2023-11-20 00:00:00,1,Cerah Berawan,85,26.0,79.0,32,168,3.2,1011,2023-11-20
Dompu_2023-11-20T06:00:00,Dompu,2023-11-20 06:00:00,3,Berawan,50,34.0,93.0,26,168,4.3,1012,2023-11-20 06:00:00
Dompu_2023-11-20T12:00:00,Dompu,2023-11-20 12:00:00,3,Berawan,85,24.0,75.0,32,178,9.6,1010,2023-11-20 12:00:00
Dompu_2023-11-20T18:00:00,Dompu,2023-11-20 18:00:00,1,Cerah Berawan,95,23.0,73.0,54,177,4.5,1010,2023-11-20 18:00:00
Donggala_2023-11-20T00:00:00,Donggala,2023-11-20 00:00:00,1,Cerah Berawan,85,28.0,82.0,25,292,5.8,1010,2023-11-20
Donggala_2023-11-20T06:00:00,Donggala,2023-11-20 06:00:00,3,Berawan,65,33.0,91.0,25,292,5.3,1011,2023-11-20 06:00:00
Donggala_2023-11-20T12:00:00,Donggala,2023-11-20 12:00:00,60,Hujan Ringan,90,26.0,79.0,24,275,8.8,1009,2023-11-20 12:00:00
Donggala_2023-11-20T18:00:00,Donggala,2023-11-20 18:00:00,60,Hujan Ringan,90,25.0,77.0,23,274,5.0,1009,2023-11-20 18:00:00
Dumai_2023-11-20T00:00:00,Dumai,2023-11-20 00:00:00,3,Berawan,100,25.0,77.0,57,52,2.6,1011,2023-11-20
Dumai_2023-11-20T06:00:00,Dumai,2023-11-20 06:00:00,3,Berawan,75,30.0,86.0,58,52,1.8,1010,2023-11-20 06:00:00
Dumai_2023-11-20T12:00:00,Dumai,2023-11-20 12:00:00,1,Cerah Berawan,85,27.0,81.0,72,52,6.0,1011,2023-11-20 12:00:00
Dumai_2023-11-20T18:00:00,Dumai,2023-11-20 18:00:00,3,Berawan,100,25.0,77.0,76,52,4.3,1008,2023-11-20 18:00:00
Enrekang_2023-11-20T00:00:00,Enrekang,2023-11-20 00:00:00,60,Hujan Ringan,85,23.0,73.0,32,192,3.2,1011,2023-11-20
Enrekang_2023-11-20T06:00:00,Enrekang,2023-11-20 06:00:00,60,Hujan Ringan,70,30.0,86.0,30,192,3.2,1012,2023-11-20 06:00:00
Enrekang_2023-11-20T12:00:00,Enrekang,2023-11-20 12:00:00,3,Berawan,80,25.0,77.0,31,159,6.9,1010,2023-11-20 12:00:00
Enrekang_2023-11-20T18:00:00,Enrekang,2023-11-20 18:00:00,3,Berawan,90,21.0,70.0,35,123,1.3,1010,2023-11-20 18:00:00
Garut_2023-11-20T00:00:00,Garut,2023-11-20 00:00:00,1,Cerah Berawan,85,24.0,75.0,61,131,4.1,1015,2023-11-20
Garut_2023-11-20T06:00:00,Garut,2023-11-20 06:00:00,60,Hujan Ringan,60,31.0,88.0,55,131,5.3,1014,2023-11-20 06:00:00
Garut_2023-11-20T12:00:00,Garut,2023-11-20 12:00:00,1,Cerah Berawan,85,24.0,75.0,51,127,9.1,1013,2023-11-20 12:00:00
Garut_2023-11-20T18:00:00,Garut,2023-11-20 18:00:00,60,Hujan Ringan,90,21.0,70.0,53,125,6.4,1012,2023-11-20 18:00:00
Gianyar_2023-11-20T00:00:00,Gianyar,2023-11-20 00:00:00,3,Berawan,85,28.0,82.0,41,174,2.0,1012,2023-11-20
Gianyar_2023-11-20T06:00:00,Gianyar,2023-11-20 06:00:00,60,Hujan Ringan,65,32.0,90.0,37,174,4.6,1012,2023-11-20 06:00:00
Gianyar_2023-11-20T12:00:00,Gianyar,2023-11-20 12:00:00,1,Cerah Berawan,80,28.0,82.0,33,154,14.2,1011,2023-11-20 12:00:00
Gianyar_2023-11-20T18:00:00,Gianyar,2023-11-20 18:00:00,1,Cerah Berawan,80,26.0,79.0,34,155,8.1,1011,2023-11-20 18:00:00
Gresik_2023-11-20T00:00:00,Gresik,2023-11-20 00:00:00,0,,80,28.0,82.0,78,58,7.2,1010,2023-11-20
Gresik_2023-11-20T06:00:00,Gresik,2023-11-20 06:00:00,0,,50,34.0,93.0,73,58,6.8,1011,2023-11-20 06:00:00
Gresik_2023-11-20T12:00:00,Gresik,2023-11-20 12:00:00,0,,75,30.0,86.0,81,48,5.6,1009,2023-11-20 12:00:00
Gresik_2023-11-20T18:00:00,Gresik,2023-11-20 18:00:00,1,Cerah Berawan,85,26.0,79.0,72,48,11.7,1008,2023-11-20 18:00:00
Indramayu_2023-11-20T00:00:00,Indramayu,2023-11-20 00:00:00,1,Cerah Berawan,80,25.0,77.0,68,25,3.8,1011,2023-11-20
Indramayu_2023-11-20T06:00:00,Indramayu,2023-11-20 06:00:00,60,Hujan Ringan,55,35.0,95.0,64,25,13.3,1010,2023-11-20 06:00:00
Indramayu_2023-11-20T12:00:00,Indramayu,2023-11-20 12:00:00,60,Hujan Ringan,80,25.0,77.0,61,57,13.9,1010,2023-11-20 12:00:00
Indramayu_2023-11-20T18:00:00,Indramayu,2023-11-20 18:00:00,0,,90,23.0,73.0,61,63,15.4,1008,2023-11-20 18:00:00
Jambi_2023-11-20T00:00:00,Jambi,2023-11-20 00:00:00,3,Berawan,100,25.0,77.0,80,66,4.5,1011,2023-11-20
Jambi_2023-11-20T06:00:00,Jambi,2023-11-20 06:00:00,3,Berawan,75,33.0,91.0,88,66,4.4,1010,2023-11-20 06:00:00
Jambi_2023-11-20T12:00:00,Jambi,2023-11-20 12:00:00,60,Hujan Ringan,90,28.0,82.0,45,66,6.1,1011,2023-11-20 12:00:00
Jambi_2023-11-20T18:00:00,Jambi,2023-11-20 18:00:00,60,Hujan Ringan,100,25.0,77.0,62,66,1.7,1007,2023-11-20 18:00:00
Jayapura_2023-11-20T00:00:00,Jayapura,2023-11-20 00:00:00,1,Cerah Berawan,70,27.0,81.0,53,72,10.0,1010,2023-11-20
Jayapura_2023-11-20T06:00:00,Jayapura,2023-11-20 06:00:00,1,Cerah Berawan,70,31.0,88.0,55,72,10.1,1013,2023-11-20 06:00:00
Jayapura_2023-11-20T12:00:00,Jayapura,2023-11-20 12:00:00,3,Berawan,85,26.0,79.0,62,72,18.8,1010,2023-11-20 12:00:00
Jayapura_2023-11-20T18:00:00,Jayapura,2023-11-20 18:00:00,1,Cerah Berawan,95,23.0,73.0,64,72,14.9,1011,2023-11-20 18:00:00
Jember_2023-11-20T00:00:00,Jember,2023-11-20 00:00:00,1,Cerah Berawan,85,24.0,75.0,47,214,0.4,1012,2023-11-20
Jember_2023-11-20T06:00:00,Jember,2023-11-20 06:00:00,3,Berawan,60,31.0,88.0,41,214,1.6,1013,2023-11-20 06:00:00
Jember_2023-11-20T12:00:00,Jember,2023-11-20 12:00:00,1,Cerah Berawan,85,23.0,73.0,32,206,11.4,1011,2023-11-20 12:00:00
Jember_2023-11-20T18:00:00,Jember,2023-11-20 18:00:00,3,Berawan,95,21.0,70.0,35,199,6.2,1011,2023-11-20 18:00:00
Jeneponto_2023-11-20T00:00:00,Jeneponto,2023-11-20 00:00:00,1,Cerah Berawan,80,27.0,81.0,56,135,12.1,1010,2023-11-20
Jeneponto_2023-11-20T06:00:00,Jeneponto,2023-11-20 06:00:00,3,Berawan,65,34.0,93.0,56,135,14.8,1011,2023-11-20 06:00:00
Jeneponto_2023-11-20T12:00:00,Jeneponto,2023-11-20 12:00:00,3,Berawan,75,29.0,84.0,54,118,25.5,1009,2023-11-20 12:00:00
Jeneponto_2023-11-20T18:00:00,Jeneponto,2023-11-20 18:00:00,3,Berawan,85,25.0,77.0,53,115,22.8,1009,2023-11-20 18:00:00
Jepara_2023-11-20T00:00:00,Jepara,2023-11-20 00:00:00,1,Cerah Berawan,75,28.0,82.0,73,148,12.5,1011,2023-11-20
Jepara_2023-11-20T06:00:00,Jepara,2023-11-20 06:00:00,3,Berawan,55,34.0,93.0,68,148,15.7,1011,2023-11-20 06:00:00
Jepara_2023-11-20T12:00:00,Jepara,2023-11-20 12:00:00,60,Hujan Ringan,75,28.0,82.0,73,5,4.6,1010,2023-11-20 12:00:00
Jepara_2023-11-20T18:00:00,Jepara,2023-11-20 18:00:00,3,Berawan,85,26.0,79.0,79,3,9.9,1009,2023-11-20 18:00:00
Jombang_2023-11-20T00:00:00,Jombang,2023-11-20 00:00:00,0,,80,27.0,81.0,60,174,11.1,1011,2023-11-20
Jombang_2023-11-20T06:00:00,Jombang,2023-11-20 06:00:00,0,,45,34.0,93.0,56,174,14.0,1011,2023-11-20 06:00:00
Jombang_2023-11-20T12:00:00,Jombang,2023-11-20 12:00:00,1,Cerah Berawan,80,29.0,84.0,59,195,0.4,1009,2023-11-20 12:00:00
Jombang_2023-11-20T18:00:00,Jombang,2023-11-20 18:00:00,3,Berawan,90,25.0,77.0,67,197,18.3,1008,2023-11-20 18:00:00
Kaimana_2023-11-20T00:00:00,Kaimana,2023-11-20 00:00:00,3,Berawan,80,28.0,82.0,44,133,15.6,1009,2023-11-20
Kaimana_2023-11-20T06:00:00,Kaimana,2023-11-20 06:00:00,60,Hujan Ringan,65,32.0,90.0,39,133,2.6,1012,2023-11-20 06:00:00
Kaimana_2023-11-20T12:00:00,Kaimana,2023-11-20 12:00:00,1,Cerah Berawan,95,26.0,79.0,36,127,13.2,1009,2023-11-20 12:00:00
Kaimana_2023-11-20T18:00:00,Kaimana,2023-11-20 18:00:00,3,Berawan,95,24.0,75.0,39,127,13.4,1010,2023-11-20 18:00:00
Karanganyar_2023-11-20T00:00:00,Karanganyar,2023-11-20 00:00:00,3,Berawan,80,27.0,81.0,51,204,12.1,1012,2023-11-20
Karanganyar_2023-11-20T06:00:00,Karanganyar,2023-11-20 06:00:00,3,Berawan,60,33.0,91.0,53,204,10.6,1012,2023-11-20 06:00:00
Karanganyar_2023-11-20T12:00:00,Karanganyar,2023-11-20 12:00:00,3,Berawan,75,28.0,82.0,36,208,6.9,1010,2023-11-20 12:00:00
Karanganyar_2023-11-20T18:00:00,Karanganyar,2023-11-20 18:00:00,3,Berawan,85,25.0,77.0,37,204,16.5,1008,2023-11-20 18:00:00
Karawang_2023-11-20T00:00:00,Karawang,2023-11-20 00:00:00,1,Cerah Berawan,80,25.0,77.0,89,319,5.8,1010,2023-11-20
Karawang_2023-11-20T06:00:00,Karawang,2023-11-20 06:00:00,60,Hujan Ringan,55,35.0,95.0,89,319,5.8,1010,2023-11-20 06:00:00
Karawang_2023-11-20T12:00:00,Karawang,2023-11-20 12:00:00,61,Hujan Sedang,80,25.0,77.0,89,319,5.8,1010,2023-11-20 12:00:00
Karawang_2023-11-20T18:00:00,Karawang,2023-11-20 18:00:00,60,Hujan Ringan,90,23.0,73.0,89,319,5.8,1010,2023-11-20 18:00:00
Kebumen_2023-11-20T00:00:00,Kebumen,2023-11-20 00:00:00,4,Berawan Tebal,80,27.0,81.0,60,166,4.9,1012,2023-11-20
Kebumen_2023-11-20T06:00:00,Kebumen,2023-11-20 06:00:00,3,Berawan,60,32.0,90.0,56,166,3.6,1012,2023-11-20 06:00:00
Kebumen_2023-11-20T12:00:00,Kebumen,2023-11-20 12:00:00,4,Berawan Tebal,75,28.0,82.0,50,160,15.6,1012,2023-11-20 12:00:00
Kebumen_2023-11-20T18:00:00,Kebumen,2023-11-20 18:00:00,4,Berawan Tebal,85,24.0,75.0,44,158,14.3,1010,2023-11-20 18:00:00
Kediri_2023-11-20T00:00:00,Kediri,2023-11-20 00:00:00,0,,80,28.0,82.0,47,178,15.0,1012,2023-11-20
Kediri_2023-11-20T06:00:00,Kediri,2023-11-20 06:00:00,60,Hujan Ringan,50,34.0,93.0,39,178,17.2,1011,2023-11-20 06:00:00
Kediri_2023-11-20T12:00:00,Kediri,2023-11-20 12:00:00,1,Cerah Berawan,85,28.0,82.0,37,183,20.6,1010,2023-11-20 12:00:00
Kediri_2023-11-20T18:00:00,Kediri,2023-11-20 18:00:00,3,Berawan,95,25.0,77.0,39,182,25.3,1010,2023-11-20 18:00:00
Kendal_2023-11-20T00:00:00,Kendal,2023-11-20 00:00:00,1,Cerah Berawan,75,28.0,82.0,63,319,6.4,1011,2023-11-20
Kendal_2023-11-20T06:00:00,Kendal,2023-11-20 06:00:00,3,Berawan,55,34.0,93.0,58,319,7.9,1011,2023-11-20 06:00:00
Kendal_2023-11-20T12:00:00,Kendal,2023-11-20 12:00:00,3,Berawan,75,28.0,82.0,62,350,9.0,1010,2023-11-20 12:00:00
Kendal_2023-11-20T18:00:00,Kendal,2023-11-20 18:00:00,3,Berawan,85,26.0,79.0,60,346,9.0,1009,2023-11-20 18:00:00
Kendari_2023-11-20T00:00:00,Kendari,2023-11-20 00:00:00,1,Cerah Berawan,80,29.0,84.0,57,64,1.2,1010,2023-11-20
Kendari_2023-11-20T06:00:00,Kendari,2023-11-20 06:00:00,3,Berawan,55,33.0,91.0,58,64,2.3,1011,2023-11-20 06:00:00
Kendari_2023-11-20T12:00:00,Kendari,2023-11-20 12:00:00,1,Cerah Berawan,80,27.0,81.0,59,80,13.8,1008,2023-11-20 12:00:00
Kendari_2023-11-20T18:00:00,Kendari,2023-11-20 18:00:00,1,Cerah Berawan,95,25.0,77.0,59,72,6.3,1009,2023-11-20 18:00:00
Kepahiang_2023-11-20T00:00:00,Kepahiang,2023-11-20 00:00:00,3,Berawan,100,21.0,70.0,47,181,0.8,1013,2023-11-20
Kepahiang_2023-11-20T06:00:00,Kepahiang,2023-11-20 06:00:00,3,Berawan,70,31.0,88.0,42,181,0.9,1012,2023-11-20 06:00:00
Kepahiang_2023-11-20T12:00:00,Kepahiang,2023-11-20 12:00:00,45,Berkabut,100,20.0,68.0,41,227,4.1,1012,2023-11-20 12:00:00
Kepahiang_2023-11-20T18:00:00,Kepahiang,2023-11-20 18:00:00,3,Berawan,95,18.0,64.0,41,218,4.4,1011,2023-11-20 18:00:00
Ketapang_2023-11-20T00:00:00,Ketapang,2023-11-20 00:00:00,4,Berawan Tebal,85,27.0,81.0,27,228,8.8,1011,2023-11-20
Ketapang_2023-11-20T06:00:00,Ketapang,2023-11-20 06:00:00,3,Berawan,60,33.0,91.0,29,228,4.5,1010,2023-11-20 06:00:00
Ketapang_2023-11-20T12:00:00,Ketapang,2023-11-20 12:00:00,3,Berawan,80,26.0,79.0,32,235,7.8,1010,2023-11-20 12:00:00
Ketapang_2023-11-20T18:00:00,Ketapang,2023-11-20 18:00:00,3,Berawan,95,24.0,75.0,37,237,11.8,1009,2023-11-20 18:00:00
Klungkung_2023-11-20T00:00:00,Klungkung,2023-11-20 00:00:00,3,Berawan,85,28.0,82.0,39,175,0.9,1012,2023-11-20
Klungkung_2023-11-20T06:00:00,Klungkung,2023-11-20 06:00:00,60,Hujan Ringan,65,32.0,90.0,37,175,3.5,1012,2023-11-20 06:00:00
Klungkung_2023-11-20T12:00:00,Klungkung,2023-11-20 12:00:00,1,Cerah Berawan,80,28.0,82.0,33,159,13.5,1011,2023-11-20 12:00:00
Klungkung_2023-11-20T18:00:00,Klungkung,2023-11-20 18:00:00,1,Cerah Berawan,80,26.0,79.0,34,160,7.7,1011,2023-11-20 18:00:00
Kolaka_2023-11-20T00:00:00,Kolaka,2023-11-20 00:00:00,1,Cerah Berawan,75,29.0,84.0,45,238,5.7,1011,2023-11-20
Kolaka_2023-11-20T06:00:00,Kolaka,2023-11-20 06:00:00,1,Cerah Berawan,55,33.0,91.0,54,238,3.5,1012,2023-11-20 06:00:00
Kolaka_2023-11-20T12:00:00,Kolaka,2023-11-20 12:00:00,1,Cerah Berawan,80,27.0,81.0,43,223,7.4,1010,2023-11-20 12:00:00
Kolaka_2023-11-20T18:00:00,Kolaka,2023-11-20 18:00:00,1,Cerah Berawan,90,25.0,77.0,49,225,1.9,1010,2023-11-20 18:00:00
Kudus_2023-11-20T00:00:00,Kudus,2023-11-20 00:00:00,1,Cerah Berawan,80,27.0,81.0,76,169,14.9,1011,2023-11-20
Kudus_2023-11-20T06:00:00,Kudus,2023-11-20 06:00:00,3,Berawan,55,33.0,91.0,67,169,10.1,1011,2023-11-20 06:00:00
Kudus_2023-11-20T12:00:00,Kudus,2023-11-20 12:00:00,3,Berawan,75,28.0,82.0,65,155,12.6,1010,2023-11-20 12:00:00
Kudus_2023-11-20T18:00:00,Kudus,2023-11-20 18:00:00,3,Berawan,85,25.0,77.0,68,360,6.2,1009,2023-11-20 18:00:00
Kuningan_2023-11-20T00:00:00,Kuningan,2023-11-20 00:00:00,1,Cerah Berawan,85,24.0,75.0,60,162,11.2,1013,2023-11-20
Kuningan_2023-11-20T06:00:00,Kuningan,2023-11-20 06:00:00,60,Hujan Ringan,60,34.0,93.0,56,162,10.9,1012,2023-11-20 06:00:00
Kuningan_2023-11-20T12:00:00,Kuningan,2023-11-20 12:00:00,1,Cerah Berawan,85,24.0,75.0,54,174,12.1,1012,2023-11-20 12:00:00
Kuningan_2023-11-20T18:00:00,Kuningan,2023-11-20 18:00:00,60,Hujan Ringan,90,21.0,70.0,55,176,11.5,1010,2023-11-20 18:00:00
Lahat_2023-11-20T00:00:00,Lahat,2023-11-20 00:00:00,1,Cerah Berawan,80,24.0,75.0,60,24,3.7,1012,2023-11-20
Lahat_2023-11-20T06:00:00,Lahat,2023-11-20 06:00:00,61,Hujan Sedang,60,32.0,90.0,63,24,3.6,1011,2023-11-20 06:00:00
Lahat_2023-11-20T12:00:00,Lahat,2023-11-20 12:00:00,3,Berawan,70,28.0,82.0,62,48,5.6,1011,2023-11-20 12:00:00
Lahat_2023-11-20T18:00:00,Lahat,2023-11-20 18:00:00,1,Cerah Berawan,90,23.0,73.0,54,40,5.1,1008,2023-11-20 18:00:00
Lamongan_2023-11-20T00:00:00,Lamongan,2023-11-20 00:00:00,0,,75,29.0,84.0,79,39,2.8,1011,2023-11-20
Lamongan_2023-11-20T06:00:00,Lamongan,2023-11-20 06:00:00,0,,45,34.0,93.0,72,39,9.9,1011,2023-11-20 06:00:00
Lamongan_2023-11-20T12:00:00,Lamongan,2023-11-20 12:00:00,1,Cerah Berawan,75,29.0,84.0,82,32,6.6,1009,2023-11-20 12:00:00
Lamongan_2023-11-20T18:00:00,Lamongan,2023-11-20 18:00:00,1,Cerah Berawan,85,25.0,77.0,72,37,9.2,1008,2023-11-20 18:00:00
Langsa_2023-11-20T00:00:00,Langsa,2023-11-20 00:00:00,3,Berawan,90,23.0,73.0,27,41,3.5,1012,2023-11-20
Langsa_2023-11-20T06:00:00,Langsa,2023-11-20 06:00:00,61,Hujan Sedang,65,31.0,88.0,29,41,3.9,1011,2023-11-20 06:00:00
Langsa_2023-11-20T12:00:00,Langsa,2023-11-20 12:00:00,61,Hujan Sedang,90,24.0,75.0,30,353,9.5,1012,2023-11-20 12:00:00
Langsa_2023-11-20T18:00:00,Langsa,2023-11-20 18:00:00,95,Hujan Petir,95,23.0,73.0,28,22,7.7,1009,2023-11-20 18:00:00
Lhokseumawe_2023-11-20T00:00:00,Lhokseumawe,2023-11-20 00:00:00,4,Berawan Tebal,90,24.0,75.0,26,85,12.5,1012,2023-11-20
Lhokseumawe_2023-11-20T06:00:00,Lhokseumawe,2023-11-20 06:00:00,3,Berawan,65,30.0,86.0,35,85,9.0,1011,2023-11-20 06:00:00
Lhokseumawe_2023-11-20T12:00:00,Lhokseumawe,2023-11-20 12:00:00,60,Hujan Ringan,90,24.0,75.0,32,106,10.6,1013,2023-11-20 12:00:00
Lhokseumawe_2023-11-20T18:00:00,Lhokseumawe,2023-11-20 18:00:00,95,Hujan Petir,95,23.0,73.0,39,106,9.0,1009,2023-11-20 18:00:00
Madiun_2023-11-20T00:00:00,Madiun,2023-11-20 00:00:00,0,,80,29.0,84.0,45,182,11.4,1011,2023-11-20
Madiun_2023-11-20T06:00:00,Madiun,2023-11-20 06:00:00,0,,45,34.0,93.0,43,182,12.5,1011,2023-11-20 06:00:00
Madiun_2023-11-20T12:00:00,Madiun,2023-11-20 12:00:00,0,,80,29.0,84.0,34,172,9.4,1009,2023-11-20 12:00:00
Madiun_2023-11-20T18:00:00,Madiun,2023-11-20 18:00:00,1,Cerah Berawan,90,24.0,75.0,40,160,8.6,1008,2023-11-20 18:00:00
Magelang_2023-11-20T00:00:00,Magelang,2023-11-20 00:00:00,3,Berawan,85,26.0,79.0,55,186,4.6,1014,2023-11-20
Magelang_2023-11-20T06:00:00,Magelang,2023-11-20 06:00:00,3,Berawan,65,31.0,88.0,56,186,4.2,1013,2023-11-20 06:00:00
Magelang_2023-11-20T12:00:00,Magelang,2023-11-20 12:00:00,3,Berawan,75,28.0,82.0,47,185,10.7,1012,2023-11-20 12:00:00
Magelang_2023-11-20T18:00:00,Magelang,2023-11-20 18:00:00,3,Berawan,85,23.0,73.0,45,184,9.0,1011,2023-11-20 18:00:00
Magetan_2023-11-20T00:00:00,Magetan,2023-11-20 00:00:00,0,,85,27.0,81.0,47,186,6.8,1012,2023-11-20
Magetan_2023-11-20T06:00:00,Magetan,2023-11-20 06:00:00,0,,45,34.0,93.0,47,186,7.5,1012,2023-11-20 06:00:00
Magetan_2023-11-20T12:00:00,Magetan,2023-11-20 12:00:00,0,,85,27.0,81.0,34,167,10.1,1011,2023-11-20 12:00:00
Magetan_2023-11-20T18:00:00,Magetan,2023-11-20 18:00:00,1,Cerah Berawan,90,24.0,75.0,37,166,8.7,1009,2023-11-20 18:00:00
Majalengka_2023-11-20T00:00:00,Majalengka,2023-11-20 00:00:00,1,Cerah Berawan,80,25.0,77.0,70,88,8.1,1013,2023-11-20
Majalengka_2023-11-20T06:00:00,Majalengka,2023-11-20 06:00:00,60,Hujan Ringan,55,34.0,93.0,59,88,7.4,1012,2023-11-20 06:00:00
Majalengka_2023-11-20T12:00:00,Majalengka,2023-11-20 12:00:00,1,Cerah Berawan,80,25.0,77.0,54,121,5.9,1010,2023-11-20 12:00:00
Majalengka_2023-11-20T18:00:00,Majalengka,2023-11-20 18:00:00,1,Cerah Berawan,90,23.0,73.0,57,123,7.1,1009,2023-11-20 18:00:00
Majene_2023-11-20T00:00:00,Majene,2023-11-20 00:00:00,60,Hujan Ringan,70,27.0,81.0,33,232,3.6,1010,2023-11-20
Majene_2023-11-20T06:00:00,Majene,2023-11-20 06:00:00,60,Hujan Ringan,70,30.0,86.0,29,232,7.2,1010,2023-11-20 06:00:00
Majene_2023-11-20T12:00:00,Majene,2023-11-20 12:00:00,60,Hujan Ringan,85,27.0,81.0,30,140,12.7,1009,2023-11-20 12:00:00
Majene_2023-11-20T18:00:00,Majene,2023-11-20 18:00:00,60,Hujan Ringan,85,25.0,77.0,32,135,7.7,1009,2023-11-20 18:00:00
Malinau_2023-11-20T00:00:00,Malinau,2023-11-20 00:00:00,1,Cerah Berawan,90,25.0,77.0,39,277,2.3,1010,2023-11-20
Malinau_2023-11-20T06:00:00,Malinau,2023-11-20 06:00:00,1,Cerah Berawan,60,32.0,90.0,40,277,2.4,1010,2023-11-20 06:00:00
Malinau_2023-11-20T12:00:00,Malinau,2023-11-20 12:00:00,95,Hujan Petir,90,25.0,77.0,40,253,2.0,1009,2023-11-20 12:00:00
Malinau_2023-11-20T18:00:00,Malinau,2023-11-20 18:00:00,45,Berkabut,95,25.0,77.0,42,246,2.7,1008,2023-11-20 18:00:00
Mamasa_2023-11-20T00:00:00,Mamasa,2023-11-20 00:00:00,60,Hujan Ringan,75,17.0,63.0,29,230,2.3,1013,2023-11-20
Mamasa_2023-11-20T06:00:00,Mamasa,2023-11-20 06:00:00,60,Hujan Ringan,75,20.0,68.0,26,230,2.8,1014,2023-11-20 06:00:00
Mamasa_2023-11-20T12:00:00,Mamasa,2023-11-20 12:00:00,60,Hujan Ringan,85,17.0,63.0,26,128,2.3,1012,2023-11-20 12:00:00
Mamasa_2023-11-20T18:00:00,Mamasa,2023-11-20 18:00:00,60,Hujan Ringan,85,16.0,61.0,28,163,3.9,1013,2023-11-20 18:00:00
Mamuju_2023-11-20T00:00:00,Mamuju,2023-11-20 00:00:00,60,Hujan Ringan,70,27.0,81.0,11,268,6.4,1010,2023-11-20
Mamuju_2023-11-20T06:00:00,Mamuju,2023-11-20 06:00:00,60,Hujan Ringan,70,30.0,86.0,11,268,4.2,1011,2023-11-20 06:00:00
Mamuju_2023-11-20T12:00:00,Mamuju,2023-11-20 12:00:00,63,Hujan Lebat,95,25.0,77.0,11,268,4.6,1010,2023-11-20 12:00:00
Mamuju_2023-11-20T18:00:00,Mamuju,2023-11-20 18:00:00,60,Hujan Ringan,85,25.0,77.0,11,268,1.8,1009,2023-11-20 18:00:00
Manado_2023-11-20T00:00:00,Manado,2023-11-20 00:00:00,1,Cerah Berawan,75,28.0,82.0,33,173,3.7,1010,2023-11-20
Manado_2023-11-20T06:00:00,Manado,2023-11-20 06:00:00,60,Hujan Ringan,60,32.0,90.0,29,173,3.7,1011,2023-11-20 06:00:00
Manado_2023-11-20T12:00:00,Manado,2023-11-20 12:00:00,60,Hujan Ringan,95,25.0,77.0,28,329,13.0,1008,2023-11-20 12:00:00
Manado_2023-11-20T18:00:00,Manado,2023-11-20 18:00:00,3,Berawan,95,23.0,73.0,30,161,1.8,1009,2023-11-20 18:00:00
Manokwari_2023-11-20T00:00:00,Manokwari,2023-11-20 00:00:00,3,Berawan,80,28.0,82.0,57,33,7.7,1010,2023-11-20
Manokwari_2023-11-20T06:00:00,Manokwari,2023-11-20 06:00:00,60,Hujan Ringan,65,32.0,90.0,57,33,13.5,1012,2023-11-20 06:00:00
Manokwari_2023-11-20T12:00:00,Manokwari,2023-11-20 12:00:00,3,Berawan,95,26.0,79.0,57,33,18.4,1009,2023-11-20 12:00:00
Manokwari_2023-11-20T18:00:00,Manokwari,2023-11-20 18:00:00,3,Berawan,95,24.0,75.0,57,33,6.5,1010,2023-11-20 18:00:00
Maros_2023-11-20T00:00:00,Maros,2023-11-20 00:00:00,1,Cerah Berawan,80,27.0,81.0,83,263,1.8,1010,2023-11-20
Maros_2023-11-20T06:00:00,Maros,2023-11-20 06:00:00,60,Hujan Ringan,70,34.0,93.0,77,263,5.5,1010,2023-11-20 06:00:00
Maros_2023-11-20T12:00:00,Maros,2023-11-20 12:00:00,3,Berawan,80,29.0,84.0,75,271,5.5,1009,2023-11-20 12:00:00
Maros_2023-11-20T18:00:00,Maros,2023-11-20 18:00:00,3,Berawan,90,25.0,77.0,85,272,4.1,1008,2023-11-20 18:00:00
Mataram_2023-11-20T00:00:00,Mataram,2023-11-20 00:00:00,3,Berawan,75,28.0,82.0,55,190,14.8,1011,2023-11-20
Mataram_2023-11-20T06:00:00,Mataram,2023-11-20 06:00:00,60,Hujan Ringan,60,32.0,90.0,51,190,14.9,1012,2023-11-20 06:00:00
Mataram_2023-11-20T12:00:00,Mataram,2023-11-20 12:00:00,3,Berawan,80,28.0,82.0,47,190,19.2,1011,2023-11-20 12:00:00
Mataram_2023-11-20T18:00:00,Mataram,2023-11-20 18:00:00,3,Berawan,95,26.0,79.0,45,190,18.6,1010,2023-11-20 18:00:00
Medan_2023-11-20T00:00:00,Medan,2023-11-20 00:00:00,1,Cerah Berawan,95,26.0,79.0,67,258,0.0,1011,2023-11-20
Medan_2023-11-20T06:00:00,Medan,2023-11-20 06:00:00,60,Hujan Ringan,70,32.0,90.0,97,258,8.1,1009,2023-11-20 06:00:00
Medan_2023-11-20T12:00:00,Medan,2023-11-20 12:00:00,3,Berawan,85,27.0,81.0,63,334,9.6,1011,2023-11-20 12:00:00
Medan_2023-11-20T18:00:00,Medan,2023-11-20 18:00:00,3,Berawan,95,23.0,73.0,63,346,10.3,1009,2023-11-20 18:00:00
Metro_2023-11-20T00:00:00,Metro,2023-11-20 00:00:00,1,Cerah Berawan,85,27.0,81.0,69,153,9.7,1012,2023-11-20
Metro_2023-11-20T06:00:00,Metro,2023-11-20 06:00:00,1,Cerah Berawan,50,34.0,93.0,63,153,8.6,1011,2023-11-20 06:00:00
Metro_2023-11-20T12:00:00,Metro,2023-11-20 12:00:00,1,Cerah Berawan,75,27.0,81.0,71,158,11.7,1010,2023-11-20 12:00:00
Metro_2023-11-20T18:00:00,Metro,2023-11-20 18:00:00,0,Cerah,85,25.0,77.0,68,161,20.1,1008,2023-11-20 18:00:00
Mojokerto_2023-11-20T00:00:00,Mojokerto,2023-11-20 00:00:00,0,,80,25.0,77.0,74,109,6.2,1011,2023-11-20
Mojokerto_2023-11-20T06:00:00,Mojokerto,2023-11-20 06:00:00,0,,45,34.0,93.0,66,109,5.4,1011,2023-11-20 06:00:00
Mojokerto_2023-11-20T12:00:00,Mojokerto,2023-11-20 12:00:00,0,,80,31.0,88.0,72,224,7.6,1009,2023-11-20 12:00:00
Mojokerto_2023-11-20T18:00:00,Mojokerto,2023-11-20 18:00:00,1,Cerah Berawan,90,25.0,77.0,72,224,6.3,1008,2023-11-20 18:00:00
Nabire_2023-11-20T00:00:00,Nabire,2023-11-20 00:00:00,3,Berawan,70,27.0,81.0,43,293,4.9,1010,2023-11-20
Nabire_2023-11-20T06:00:00,Nabire,2023-11-20 06:00:00,1,Cerah Berawan,70,31.0,88.0,33,293,2.5,1012,2023-11-20 06:00:00
Nabire_2023-11-20T12:00:00,Nabire,2023-11-20 12:00:00,3,Berawan,85,26.0,79.0,26,318,8.9,1009,2023-11-20 12:00:00
Nabire_2023-11-20T18:00:00,Nabire,2023-11-20 18:00:00,1,Cerah Berawan,95,23.0,73.0,32,313,1.7,1010,2023-11-20 18:00:00
Ngabang_2023-11-20T00:00:00,Ngabang,2023-11-20 00:00:00,1,Cerah Berawan,95,25.0,77.0,36,224,2.5,1011,2023-11-20
Ngabang_2023-11-20T06:00:00,Ngabang,2023-11-20 06:00:00,3,Berawan,60,33.0,91.0,33,224,1.3,1010,2023-11-20 06:00:00
Ngabang_2023-11-20T12:00:00,Ngabang,2023-11-20 12:00:00,3,Berawan,95,25.0,77.0,28,220,5.7,1010,2023-11-20 12:00:00
Ngabang_2023-11-20T18:00:00,Ngabang,2023-11-20 18:00:00,3,Berawan,100,23.0,73.0,29,223,4.4,1008,2023-11-20 18:00:00
Nganjuk_2023-11-20T00:00:00,Nganjuk,2023-11-20 00:00:00,0,,80,27.0,81.0,45,162,14.5,1012,2023-11-20
Nganjuk_2023-11-20T06:00:00,Nganjuk,2023-11-20 06:00:00,0,,45,34.0,93.0,40,162,13.6,1011,2023-11-20 06:00:00
Nganjuk_2023-11-20T12:00:00,Nganjuk,2023-11-20 12:00:00,0,,80,28.0,82.0,38,168,13.0,1010,2023-11-20 12:00:00
Nganjuk_2023-11-20T18:00:00,Nganjuk,2023-11-20 18:00:00,3,Berawan,90,25.0,77.0,53,168,20.5,1009,2023-11-20 18:00:00
Pacitan_2023-11-20T00:00:00,Pacitan,2023-11-20 00:00:00,1,Cerah Berawan,85,25.0,77.0,53,168,9.8,1012,2023-11-20
Pacitan_2023-11-20T06:00:00,Pacitan,2023-11-20 06:00:00,1,Cerah Berawan,65,32.0,90.0,49,168,10.5,1012,2023-11-20 06:00:00
Pacitan_2023-11-20T12:00:00,Pacitan,2023-11-20 12:00:00,1,Cerah Berawan,80,27.0,81.0,39,141,22.2,1011,2023-11-20 12:00:00
Pacitan_2023-11-20T18:00:00,Pacitan,2023-11-20 18:00:00,3,Berawan,95,24.0,75.0,41,142,21.0,1010,2023-11-20 18:00:00
Padang_2023-11-20T00:00:00,Padang,2023-11-20 00:00:00,1,Cerah Berawan,90,25.0,77.0,91,244,6.2,1013,2023-11-20
Padang_2023-11-20T06:00:00,Padang,2023-11-20 06:00:00,3,Berawan,90,31.0,88.0,88,244,5.4,1011,2023-11-20 06:00:00
Padang_2023-11-20T12:00:00,Padang,2023-11-20 12:00:00,1,Cerah Berawan,95,25.0,77.0,87,244,8.9,1012,2023-11-20 12:00:00
Padang_2023-11-20T18:00:00,Padang,2023-11-20 18:00:00,1,Cerah Berawan,95,24.0,75.0,85,244,11.5,1010,2023-11-20 18:00:00
Pagar Alam_2023-11-20T00:00:00,Pagar Alam,2023-11-20 00:00:00,1,Cerah Berawan,85,24.0,75.0,40,15,3.0,1015,2023-11-20
Pagar Alam_2023-11-20T06:00:00,Pagar Alam,2023-11-20 06:00:00,60,Hujan Ringan,65,32.0,90.0,42,15,3.1,1013,2023-11-20 06:00:00
Pagar Alam_2023-11-20T12:00:00,Pagar Alam,2023-11-20 12:00:00,1,Cerah Berawan,75,28.0,82.0,48,13,4.7,1012,2023-11-20 12:00:00
Pagar Alam_2023-11-20T18:00:00,Pagar Alam,2023-11-20 18:00:00,45,Berkabut,95,23.0,73.0,46,16,3.7,1011,2023-11-20 18:00:00
Palembang_2023-11-20T00:00:00,Palembang,2023-11-20 00:00:00,60,Hujan Ringan,80,25.0,77.0,90,37,3.7,1010,2023-11-20
Palembang_2023-11-20T06:00:00,Palembang,2023-11-20 06:00:00,1,Cerah Berawan,60,33.0,91.0,123,37,3.7,1010,2023-11-20 06:00:00
Palembang_2023-11-20T12:00:00,Palembang,2023-11-20 12:00:00,1,Cerah Berawan,70,29.0,84.0,86,37,5.5,1011,2023-11-20 12:00:00
Palembang_2023-11-20T18:00:00,Palembang,2023-11-20 18:00:00,1,Cerah Berawan,90,24.0,75.0,85,37,5.1,1008,2023-11-20 18:00:00
Palopo_2023-11-20T00:00:00,Palopo,2023-11-20 00:00:00,1,Cerah Berawan,85,27.0,81.0,28,117,4.9,1011,2023-11-20
Palopo_2023-11-20T06:00:00,Palopo,2023-11-20 06:00:00,60,Hujan Ringan,70,34.0,93.0,27,117,3.1,1012,2023-11-20 06:00:00
Palopo_2023-11-20T12:00:00,Palopo,2023-11-20 12:00:00,3,Berawan,80,29.0,84.0,26,108,10.6,1010,2023-11-20 12:00:00
Palopo_2023-11-20T18:00:00,Palopo,2023-11-20 18:00:00,3,Berawan,90,25.0,77.0,26,107,3.4,1010,2023-11-20 18:00:00
Pamekasan_2023-11-20T00:00:00,Pamekasan,2023-11-20 00:00:00,0,,80,29.0,84.0,85,216,5.3,1010,2023-11-20
Pamekasan_2023-11-20T06:00:00,Pamekasan,2023-11-20 06:00:00,0,,45,34.0,93.0,69,216,12.4,1011,2023-11-20 06:00:00
Pamekasan_2023-11-20T12:00:00,Pamekasan,2023-11-20 12:00:00,1,Cerah Berawan,75,29.0,84.0,62,85,5.8,1010,2023-11-20 12:00:00
Pamekasan_2023-11-20T18:00:00,Pamekasan,2023-11-20 18:00:00,1,Cerah Berawan,85,25.0,77.0,64,88,16.2,1009,2023-11-20 18:00:00
Pandeglang_2023-11-20T00:00:00,Pandeglang,2023-11-20 00:00:00,1,Cerah Berawan,85,26.0,79.0,108,217,5.0,1012,2023-11-20
Pandeglang_2023-11-20T06:00:00,Pandeglang,2023-11-20 06:00:00,3,Berawan,60,33.0,91.0,84,217,4.0,1011,2023-11-20 06:00:00
Pandeglang_2023-11-20T12:00:00,Pandeglang,2023-11-20 12:00:00,3,Berawan,75,28.0,82.0,105,312,3.6,1011,2023-11-20 12:00:00
Pandeglang_2023-11-20T18:00:00,Pandeglang,2023-11-20 18:00:00,3,Berawan,95,25.0,77.0,88,233,5.5,1009,2023-11-20 18:00:00
Pariaman_2023-11-20T00:00:00,Pariaman,2023-11-20 00:00:00,1,Cerah Berawan,95,25.0,77.0,43,190,5.8,1012,2023-11-20
Pariaman_2023-11-20T06:00:00,Pariaman,2023-11-20 06:00:00,1,Cerah Berawan,85,31.0,88.0,43,190,5.8,1011,2023-11-20 06:00:00
Pariaman_2023-11-20T12:00:00,Pariaman,2023-11-20 12:00:00,3,Berawan,90,26.0,79.0,40,177,10.4,1012,2023-11-20 12:00:00
Pariaman_2023-11-20T18:00:00,Pariaman,2023-11-20 18:00:00,3,Berawan,90,25.0,77.0,38,182,12.0,1010,2023-11-20 18:00:00
Pasuruan_2023-11-20T00:00:00,Pasuruan,2023-11-20 00:00:00,0,,85,29.0,84.0,63,42,8.5,1011,2023-11-20
Pasuruan_2023-11-20T06:00:00,Pasuruan,2023-11-20 06:00:00,0,,55,34.0,93.0,59,42,5.4,1011,2023-11-20 06:00:00
Pasuruan_2023-11-20T12:00:00,Pasuruan,2023-11-20 12:00:00,1,Cerah Berawan,85,28.0,82.0,56,48,11.2,1010,2023-11-20 12:00:00
Pasuruan_2023-11-20T18:00:00,Pasuruan,2023-11-20 18:00:00,1,Cerah Berawan,95,24.0,75.0,57,46,11.8,1009,2023-11-20 18:00:00
Pati_2023-11-20T00:00:00,Pati,2023-11-20 00:00:00,1,Cerah Berawan,80,27.0,81.0,85,42,12.0,1011,2023-11-20
Pati_2023-11-20T06:00:00,Pati,2023-11-20 06:00:00,3,Berawan,55,33.0,91.0,73,42,6.4,1011,2023-11-20 06:00:00
Pati_2023-11-20T12:00:00,Pati,2023-11-20 12:00:00,60,Hujan Ringan,75,28.0,82.0,66,34,7.5,1010,2023-11-20 12:00:00
Pati_2023-11-20T18:00:00,Pati,2023-11-20 18:00:00,3,Berawan,85,26.0,79.0,75,34,10.4,1009,2023-11-20 18:00:00
Payakumbuh_2023-11-20T00:00:00,Payakumbuh,2023-11-20 00:00:00,3,Berawan,100,21.0,70.0,41,44,1.1,1014,2023-11-20
Payakumbuh_2023-11-20T06:00:00,Payakumbuh,2023-11-20 06:00:00,1,Cerah Berawan,70,30.0,86.0,41,44,1.1,1012,2023-11-20 06:00:00
Payakumbuh_2023-11-20T12:00:00,Payakumbuh,2023-11-20 12:00:00,3,Berawan,95,22.0,72.0,38,57,4.6,1012,2023-11-20 12:00:00
Payakumbuh_2023-11-20T18:00:00,Payakumbuh,2023-11-20 18:00:00,3,Berawan,100,22.0,72.0,41,256,3.0,1010,2023-11-20 18:00:00
Pekalongan_2023-11-20T00:00:00,Pekalongan,2023-11-20 00:00:00,3,Berawan,80,27.0,81.0,65,356,4.8,1011,2023-11-20
Pekalongan_2023-11-20T06:00:00,Pekalongan,2023-11-20 06:00:00,3,Berawan,60,33.0,91.0,57,356,8.0,1011,2023-11-20 06:00:00
Pekalongan_2023-11-20T12:00:00,Pekalongan,2023-11-20 12:00:00,3,Berawan,75,28.0,82.0,58,357,8.9,1011,2023-11-20 12:00:00
Pekalongan_2023-11-20T18:00:00,Pekalongan,2023-11-20 18:00:00,3,Berawan,85,25.0,77.0,57,356,4.4,1009,2023-11-20 18:00:00
Pekanbaru_2023-11-20T00:00:00,Pekanbaru,2023-11-20 00:00:00,3,Berawan,100,24.0,75.0,49,41,0.0,1010,2023-11-20
Pekanbaru_2023-11-20T06:00:00,Pekanbaru,2023-11-20 06:00:00,3,Berawan,75,30.0,86.0,56,41,1.8,1008,2023-11-20 06:00:00
Pekanbaru_2023-11-20T12:00:00,Pekanbaru,2023-11-20 12:00:00,1,Cerah Berawan,90,26.0,79.0,29,41,5.5,1009,2023-11-20 12:00:00
Pekanbaru_2023-11-20T18:00:00,Pekanbaru,2023-11-20 18:00:00,60,Hujan Ringan,100,24.0,75.0,50,41,4.3,1008,2023-11-20 18:00:00
Pemalang_2023-11-20T00:00:00,Pemalang,2023-11-20 00:00:00,3,Berawan,75,27.0,81.0,62,186,11.2,1011,2023-11-20
Pemalang_2023-11-20T06:00:00,Pemalang,2023-11-20 06:00:00,3,Berawan,55,33.0,91.0,56,186,10.3,1011,2023-11-20 06:00:00
Pemalang_2023-11-20T12:00:00,Pemalang,2023-11-20 12:00:00,3,Berawan,80,28.0,82.0,58,195,6.8,1010,2023-11-20 12:00:00
Pemalang_2023-11-20T18:00:00,Pemalang,2023-11-20 18:00:00,3,Berawan,85,24.0,75.0,57,195,1.7,1008,2023-11-20 18:00:00
Pinrang_2023-11-20T00:00:00,Pinrang,2023-11-20 00:00:00,1,Cerah Berawan,85,26.0,79.0,36,237,3.8,1010,2023-11-20
Pinrang_2023-11-20T06:00:00,Pinrang,2023-11-20 06:00:00,60,Hujan Ringan,70,33.0,91.0,34,237,8.2,1011,2023-11-20 06:00:00
Pinrang_2023-11-20T12:00:00,Pinrang,2023-11-20 12:00:00,3,Berawan,80,28.0,82.0,37,118,10.5,1008,2023-11-20 12:00:00
Pinrang_2023-11-20T18:00:00,Pinrang,2023-11-20 18:00:00,3,Berawan,90,24.0,75.0,39,118,3.6,1009,2023-11-20 18:00:00
Ponorogo_2023-11-20T00:00:00,Ponorogo,2023-11-20 00:00:00,1,Cerah Berawan,85,27.0,81.0,47,169,8.5,1012,2023-11-20
Ponorogo_2023-11-20T06:00:00,Ponorogo,2023-11-20 06:00:00,0,,50,34.0,93.0,42,169,8.7,1012,2023-11-20 06:00:00
Ponorogo_2023-11-20T12:00:00,Ponorogo,2023-11-20 12:00:00,0,,85,28.0,82.0,36,152,14.7,1010,2023-11-20 12:00:00
Ponorogo_2023-11-20T18:00:00,Ponorogo,2023-11-20 18:00:00,1,Cerah Berawan,95,25.0,77.0,37,147,16.0,1009,2023-11-20 18:00:00
Pontianak_2023-11-20T00:00:00,Pontianak,2023-11-20 00:00:00,1,Cerah Berawan,90,26.0,79.0,57,291,0.0,1011,2023-11-20
Pontianak_2023-11-20T06:00:00,Pontianak,2023-11-20 06:00:00,1,Cerah Berawan,60,33.0,91.0,53,291,0.0,1009,2023-11-20 06:00:00
Pontianak_2023-11-20T12:00:00,Pontianak,2023-11-20 12:00:00,4,Berawan Tebal,80,27.0,81.0,25,291,9.3,1010,2023-11-20 12:00:00
Pontianak_2023-11-20T18:00:00,Pontianak,2023-11-20 18:00:00,1,Cerah Berawan,100,23.0,73.0,72,291,8.5,1009,2023-11-20 18:00:00
Prabumulih_2023-11-20T00:00:00,Prabumulih,2023-11-20 00:00:00,1,Cerah Berawan,80,25.0,77.0,65,16,1.4,1011,2023-11-20
Prabumulih_2023-11-20T06:00:00,Prabumulih,2023-11-20 06:00:00,1,Cerah Berawan,60,33.0,91.0,67,16,3.1,1010,2023-11-20 06:00:00
Prabumulih_2023-11-20T12:00:00,Prabumulih,2023-11-20 12:00:00,3,Berawan,70,29.0,84.0,65,122,0.9,1011,2023-11-20 12:00:00
Prabumulih_2023-11-20T18:00:00,Prabumulih,2023-11-20 18:00:00,1,Cerah Berawan,90,24.0,75.0,54,3,5.3,1007,2023-11-20 18:00:00
Pringsewu_2023-11-20T00:00:00,Pringsewu,2023-11-20 00:00:00,1,Cerah Berawan,85,24.0,75.0,66,214,9.4,1012,2023-11-20
Pringsewu_2023-11-20T06:00:00,Pringsewu,2023-11-20 06:00:00,1,Cerah Berawan,55,30.0,86.0,60,214,6.5,1011,2023-11-20 06:00:00
Pringsewu_2023-11-20T12:00:00,Pringsewu,2023-11-20 12:00:00,3,Berawan,85,24.0,75.0,64,204,11.1,1011,2023-11-20 12:00:00
Pringsewu_2023-11-20T18:00:00,Pringsewu,2023-11-20 18:00:00,1,Cerah Berawan,90,23.0,73.0,55,207,14.1,1009,2023-11-20 18:00:00
Probolinggo_2023-11-20T00:00:00,Probolinggo,2023-11-20 00:00:00,0,,85,27.0,81.0,58,172,16.5,1011,2023-11-20
Probolinggo_2023-11-20T06:00:00,Probolinggo,2023-11-20 06:00:00,0,,55,33.0,91.0,45,172,14.3,1011,2023-11-20 06:00:00
Probolinggo_2023-11-20T12:00:00,Probolinggo,2023-11-20 12:00:00,1,Cerah Berawan,80,27.0,81.0,43,170,12.0,1010,2023-11-20 12:00:00
Probolinggo_2023-11-20T18:00:00,Probolinggo,2023-11-20 18:00:00,0,,90,24.0,75.0,53,168,14.8,1009,2023-11-20 18:00:00
Pulang Pisau_2023-11-20T00:00:00,Pulang Pisau,2023-11-20 00:00:00,3,Berawan,85,26.0,79.0,0,224,4.5,1010,2023-11-20
Pulang Pisau_2023-11-20T06:00:00,Pulang Pisau,2023-11-20 06:00:00,3,Berawan,60,33.0,91.0,0,224,4.5,1010,2023-11-20 06:00:00
Pulang Pisau_2023-11-20T12:00:00,Pulang Pisau,2023-11-20 12:00:00,60,Hujan Ringan,90,26.0,79.0,0,224,4.5,1010,2023-11-20 12:00:00
Pulang Pisau_2023-11-20T18:00:00,Pulang Pisau,2023-11-20 18:00:00,3,Berawan,95,24.0,75.0,0,224,4.5,1010,2023-11-20 18:00:00
Purbalingga_2023-11-20T00:00:00,Purbalingga,2023-11-20 00:00:00,3,Berawan,85,26.0,79.0,61,172,1.5,1013,2023-11-20
Purbalingga_2023-11-20T06:00:00,Purbalingga,2023-11-20 06:00:00,3,Berawan,65,30.0,86.0,56,172,2.1,1013,2023-11-20 06:00:00
Purbalingga_2023-11-20T12:00:00,Purbalingga,2023-11-20 12:00:00,4,Berawan Tebal,80,27.0,81.0,52,161,10.4,1012,2023-11-20 12:00:00
Purbalingga_2023-11-20T18:00:00,Purbalingga,2023-11-20 18:00:00,3,Berawan,90,22.0,72.0,44,162,10.1,1011,2023-11-20 18:00:00
Purwakarta_2023-11-20T00:00:00,Purwakarta,2023-11-20 00:00:00,1,Cerah Berawan,80,25.0,77.0,164,7,3.9,1012,2023-11-20
Purwakarta_2023-11-20T06:00:00,Purwakarta,2023-11-20 06:00:00,60,Hujan Ringan,55,31.0,88.0,171,7,4.8,1011,2023-11-20 06:00:00
Purwakarta_2023-11-20T12:00:00,Purwakarta,2023-11-20 12:00:00,60,Hujan Ringan,80,25.0,77.0,91,7,6.0,1010,2023-11-20 12:00:00
Purwakarta_2023-11-20T18:00:00,Purwakarta,2023-11-20 18:00:00,1,Cerah Berawan,90,23.0,73.0,91,7,9.4,1009,2023-11-20 18:00:00
Purworejo_2023-11-20T00:00:00,Purworejo,2023-11-20 00:00:00,3,Berawan,80,27.0,81.0,55,172,3.1,1013,2023-11-20
Purworejo_2023-11-20T06:00:00,Purworejo,2023-11-20 06:00:00,3,Berawan,60,33.0,91.0,54,172,3.5,1012,2023-11-20 06:00:00
Purworejo_2023-11-20T12:00:00,Purworejo,2023-11-20 12:00:00,3,Berawan,75,28.0,82.0,50,164,11.2,1012,2023-11-20 12:00:00
Purworejo_2023-11-20T18:00:00,Purworejo,2023-11-20 18:00:00,3,Berawan,85,23.0,73.0,44,168,10.6,1010,2023-11-20 18:00:00
Rembang_2023-11-20T00:00:00,Rembang,2023-11-20 00:00:00,1,Cerah Berawan,80,28.0,82.0,86,28,7.3,1011,2023-11-20
Rembang_2023-11-20T06:00:00,Rembang,2023-11-20 06:00:00,3,Berawan,55,33.0,91.0,79,28,11.0,1011,2023-11-20 06:00:00
Rembang_2023-11-20T12:00:00,Rembang,2023-11-20 12:00:00,3,Berawan,75,28.0,82.0,70,21,6.8,1010,2023-11-20 12:00:00
Rembang_2023-11-20T18:00:00,Rembang,2023-11-20 18:00:00,3,Berawan,85,26.0,79.0,79,24,10.5,1008,2023-11-20 18:00:00
Sabang_2023-11-20T00:00:00,Sabang,2023-11-20 00:00:00,60,Hujan Ringan,90,26.0,79.0,29,98,22.5,1012,2023-11-20
Sabang_2023-11-20T06:00:00,Sabang,2023-11-20 06:00:00,1,Cerah Berawan,65,31.0,88.0,37,98,32.7,1010,2023-11-20 06:00:00
Sabang_2023-11-20T12:00:00,Sabang,2023-11-20 12:00:00,1,Cerah Berawan,90,27.0,81.0,37,91,27.5,1012,2023-11-20 12:00:00
Sabang_2023-11-20T18:00:00,Sabang,2023-11-20 18:00:00,60,Hujan Ringan,95,25.0,77.0,41,91,22.2,1009,2023-11-20 18:00:00
Salatiga_2023-11-20T00:00:00,Salatiga,2023-11-20 00:00:00,3,Berawan,80,27.0,81.0,54,225,6.1,1013,2023-11-20
Salatiga_2023-11-20T06:00:00,Salatiga,2023-11-20 06:00:00,3,Berawan,60,33.0,91.0,56,225,7.8,1013,2023-11-20 06:00:00
Salatiga_2023-11-20T12:00:00,Salatiga,2023-11-20 12:00:00,3,Berawan,75,28.0,82.0,46,208,7.2,1011,2023-11-20 12:00:00
Salatiga_2023-11-20T18:00:00,Salatiga,2023-11-20 18:00:00,3,Berawan,85,25.0,77.0,47,203,2.2,1010,2023-11-20 18:00:00
Samarinda_2023-11-20T00:00:00,Samarinda,2023-11-20 00:00:00,60,Hujan Ringan,95,26.0,79.0,64,152,3.0,1010,2023-11-20
Samarinda_2023-11-20T06:00:00,Samarinda,2023-11-20 06:00:00,60,Hujan Ringan,95,26.0,79.0,33,152,2.1,1010,2023-11-20 06:00:00
Samarinda_2023-11-20T12:00:00,Samarinda,2023-11-20 12:00:00,60,Hujan Ringan,95,25.0,77.0,60,152,5.5,1010,2023-11-20 12:00:00
Samarinda_2023-11-20T18:00:00,Samarinda,2023-11-20 18:00:00,60,Hujan Ringan,100,25.0,77.0,32,152,2.1,1008,2023-11-20 18:00:00
Sambas_2023-11-20T00:00:00,Sambas,2023-11-20 00:00:00,1,Cerah Berawan,100,25.0,77.0,21,240,3.7,1011,2023-11-20
Sambas_2023-11-20T06:00:00,Sambas,2023-11-20 06:00:00,60,Hujan Ringan,65,32.0,90.0,18,240,3.9,1010,2023-11-20 06:00:00
Sambas_2023-11-20T12:00:00,Sambas,2023-11-20 12:00:00,1,Cerah Berawan,90,26.0,79.0,23,264,7.2,1010,2023-11-20 12:00:00
Sambas_2023-11-20T18:00:00,Sambas,2023-11-20 18:00:00,1,Cerah Berawan,100,24.0,75.0,26,275,5.9,1009,2023-11-20 18:00:00
Sampang_2023-11-20T00:00:00,Sampang,2023-11-20 00:00:00,0,,80,30.0,86.0,74,181,12.2,1010,2023-11-20
Sampang_2023-11-20T06:00:00,Sampang,2023-11-20 06:00:00,0,,55,34.0,93.0,70,181,17.6,1011,2023-11-20 06:00:00
Sampang_2023-11-20T12:00:00,Sampang,2023-11-20 12:00:00,0,,75,30.0,86.0,69,179,8.7,1010,2023-11-20 12:00:00
Sampang_2023-11-20T18:00:00,Sampang,2023-11-20 18:00:00,3,Berawan,85,26.0,79.0,63,179,17.6,1009,2023-11-20 18:00:00
Sanggau_2023-11-20T00:00:00,Sanggau,2023-11-20 00:00:00,1,Cerah Berawan,90,26.0,79.0,35,221,3.8,1011,2023-11-20
Sanggau_2023-11-20T06:00:00,Sanggau,2023-11-20 06:00:00,60,Hujan Ringan,60,33.0,91.0,32,221,1.4,1011,2023-11-20 06:00:00
Sanggau_2023-11-20T12:00:00,Sanggau,2023-11-20 12:00:00,3,Berawan,95,25.0,77.0,28,222,5.8,1010,2023-11-20 12:00:00
Sanggau_2023-11-20T18:00:00,Sanggau,2023-11-20 18:00:00,3,Berawan,100,23.0,73.0,28,223,4.1,1008,2023-11-20 18:00:00
Sarmi_2023-11-20T00:00:00,Sarmi,2023-11-20 00:00:00,3,Berawan,70,27.0,81.0,29,82,18.6,1009,2023-11-20
Sarmi_2023-11-20T06:00:00,Sarmi,2023-11-20 06:00:00,1,Cerah Berawan,70,31.0,88.0,28,82,20.4,1012,2023-11-20 06:00:00
Sarmi_2023-11-20T12:00:00,Sarmi,2023-11-20 12:00:00,3,Berawan,85,26.0,79.0,26,83,22.3,1009,2023-11-20 12:00:00
Sarmi_2023-11-20T18:00:00,Sarmi,2023-11-20 18:00:00,1,Cerah Berawan,95,23.0,73.0,32,96,18.3,1010,2023-11-20 18:00:00
Sarolangun_2023-11-20T00:00:00,Sarolangun,2023-11-20 00:00:00,3,Berawan,100,24.0,75.0,57,331,3.9,1012,2023-11-20
Sarolangun_2023-11-20T06:00:00,Sarolangun,2023-11-20 06:00:00,60,Hujan Ringan,70,32.0,90.0,53,331,3.6,1010,2023-11-20 06:00:00
Sarolangun_2023-11-20T12:00:00,Sarolangun,2023-11-20 12:00:00,60,Hujan Ringan,90,26.0,79.0,50,10,5.9,1011,2023-11-20 12:00:00
Sarolangun_2023-11-20T18:00:00,Sarolangun,2023-11-20 18:00:00,60,Hujan Ringan,100,24.0,75.0,47,353,4.1,1007,2023-11-20 18:00:00
Sekadau_2023-11-20T00:00:00,Sekadau,2023-11-20 00:00:00,3,Berawan,95,25.0,77.0,35,244,3.7,1011,2023-11-20
Sekadau_2023-11-20T06:00:00,Sekadau,2023-11-20 06:00:00,1,Cerah Berawan,60,33.0,91.0,32,244,1.2,1011,2023-11-20 06:00:00
Sekadau_2023-11-20T12:00:00,Sekadau,2023-11-20 12:00:00,60,Hujan Ringan,90,26.0,79.0,28,259,4.0,1010,2023-11-20 12:00:00
Sekadau_2023-11-20T18:00:00,Sekadau,2023-11-20 18:00:00,45,Berkabut,100,23.0,73.0,28,243,4.1,1008,2023-11-20 18:00:00
Semarang_2023-11-20T00:00:00,Semarang,2023-11-20 00:00:00,1,Cerah Berawan,80,27.0,81.0,78,337,3.7,1010,2023-11-20
Semarang_2023-11-20T06:00:00,Semarang,2023-11-20 06:00:00,3,Berawan,60,33.0,91.0,65,337,3.7,1010,2023-11-20 06:00:00
Semarang_2023-11-20T12:00:00,Semarang,2023-11-20 12:00:00,60,Hujan Ringan,75,28.0,82.0,76,337,7.4,1009,2023-11-20 12:00:00
Semarang_2023-11-20T18:00:00,Semarang,2023-11-20 18:00:00,3,Berawan,85,26.0,79.0,72,335,10.2,1009,2023-11-20 18:00:00
Sibolga_2023-11-20T00:00:00,Sibolga,2023-11-20 00:00:00,1,Cerah Berawan,95,24.0,75.0,25,228,2.6,1012,2023-11-20
Sibolga_2023-11-20T06:00:00,Sibolga,2023-11-20 06:00:00,61,Hujan Sedang,70,30.0,86.0,27,228,3.6,1011,2023-11-20 06:00:00
Sibolga_2023-11-20T12:00:00,Sibolga,2023-11-20 12:00:00,3,Berawan,85,24.0,75.0,25,222,4.6,1012,2023-11-20 12:00:00
Sibolga_2023-11-20T18:00:00,Sibolga,2023-11-20 18:00:00,3,Berawan,95,24.0,75.0,27,225,3.1,1010,2023-11-20 18:00:00
Sidoarjo_2023-11-20T00:00:00,Sidoarjo,2023-11-20 00:00:00,0,,80,29.0,84.0,72,65,7.4,1010,2023-11-20
Sidoarjo_2023-11-20T06:00:00,Sidoarjo,2023-11-20 06:00:00,0,,45,35.0,95.0,71,65,3.7,1010,2023-11-20 06:00:00
Sidoarjo_2023-11-20T12:00:00,Sidoarjo,2023-11-20 12:00:00,0,,80,31.0,88.0,74,76,9.3,1010,2023-11-20 12:00:00
Sidoarjo_2023-11-20T18:00:00,Sidoarjo,2023-11-20 18:00:00,1,Cerah Berawan,90,26.0,79.0,69,76,14.8,1008,2023-11-20 18:00:00
Sigi Biromaru_2023-11-20T00:00:00,Sigi Biromaru,2023-11-20 00:00:00,1,Cerah Berawan,90,25.0,77.0,26,317,3.5,1012,2023-11-20
Sigi Biromaru_2023-11-20T06:00:00,Sigi Biromaru,2023-11-20 06:00:00,95,Hujan Petir,65,33.0,91.0,25,317,1.8,1012,2023-11-20 06:00:00
Sigi Biromaru_2023-11-20T12:00:00,Sigi Biromaru,2023-11-20 12:00:00,60,Hujan Ringan,95,23.0,73.0,24,122,2.9,1011,2023-11-20 12:00:00
Sigi Biromaru_2023-11-20T18:00:00,Sigi Biromaru,2023-11-20 18:00:00,60,Hujan Ringan,95,21.0,70.0,24,318,2.5,1011,2023-11-20 18:00:00
Sijunjung_2023-11-20T00:00:00,Sijunjung,2023-11-20 00:00:00,3,Berawan,100,23.0,73.0,46,59,2.5,1013,2023-11-20
Sijunjung_2023-11-20T06:00:00,Sijunjung,2023-11-20 06:00:00,1,Cerah Berawan,70,30.0,86.0,44,59,2.3,1012,2023-11-20 06:00:00
Sijunjung_2023-11-20T12:00:00,Sijunjung,2023-11-20 12:00:00,60,Hujan Ringan,100,24.0,75.0,38,49,2.3,1012,2023-11-20 12:00:00
Sijunjung_2023-11-20T18:00:00,Sijunjung,2023-11-20 18:00:00,3,Berawan,100,23.0,73.0,45,224,1.2,1009,2023-11-20 18:00:00
Singkawang_2023-11-20T00:00:00,Singkawang,2023-11-20 00:00:00,1,Cerah Berawan,100,25.0,77.0,18,250,5.6,1011,2023-11-20
Singkawang_2023-11-20T06:00:00,Singkawang,2023-11-20 06:00:00,3,Berawan,60,33.0,91.0,17,250,6.4,1010,2023-11-20 06:00:00
Singkawang_2023-11-20T12:00:00,Singkawang,2023-11-20 12:00:00,4,Berawan Tebal,85,26.0,79.0,25,234,11.6,1010,2023-11-20 12:00:00
Singkawang_2023-11-20T18:00:00,Singkawang,2023-11-20 18:00:00,60,Hujan Ringan,100,23.0,73.0,28,236,13.2,1008,2023-11-20 18:00:00
Sinjai_2023-11-20T00:00:00,Sinjai,2023-11-20 00:00:00,1,Cerah Berawan,80,27.0,81.0,55,108,6.3,1010,2023-11-20
Sinjai_2023-11-20T06:00:00,Sinjai,2023-11-20 06:00:00,3,Berawan,65,34.0,93.0,53,108,5.0,1011,2023-11-20 06:00:00
Sinjai_2023-11-20T12:00:00,Sinjai,2023-11-20 12:00:00,3,Berawan,75,29.0,84.0,51,113,14.9,1010,2023-11-20 12:00:00
Sinjai_2023-11-20T18:00:00,Sinjai,2023-11-20 18:00:00,3,Berawan,85,25.0,77.0,47,119,11.4,1010,2023-11-20 18:00:00
Sintang_2023-11-20T00:00:00,Sintang,2023-11-20 00:00:00,3,Berawan,100,25.0,77.0,31,129,1.0,1011,2023-11-20
Sintang_2023-11-20T06:00:00,Sintang,2023-11-20 06:00:00,1,Cerah Berawan,60,33.0,91.0,32,129,2.1,1011,2023-11-20 06:00:00
Sintang_2023-11-20T12:00:00,Sintang,2023-11-20 12:00:00,63,Hujan Lebat,90,26.0,79.0,36,137,2.1,1010,2023-11-20 12:00:00
Sintang_2023-11-20T18:00:00,Sintang,2023-11-20 18:00:00,60,Hujan Ringan,100,23.0,73.0,50,307,2.2,1008,2023-11-20 18:00:00
Situbondo_2023-11-20T00:00:00,Situbondo,2023-11-20 00:00:00,0,,80,28.0,82.0,55,7,14.1,1011,2023-11-20
Situbondo_2023-11-20T06:00:00,Situbondo,2023-11-20 06:00:00,0,,55,33.0,91.0,31,7,11.3,1011,2023-11-20 06:00:00
Situbondo_2023-11-20T12:00:00,Situbondo,2023-11-20 12:00:00,1,Cerah Berawan,75,28.0,82.0,36,18,12.6,1009,2023-11-20 12:00:00
Situbondo_2023-11-20T18:00:00,Situbondo,2023-11-20 18:00:00,0,,85,24.0,75.0,69,199,3.3,1009,2023-11-20 18:00:00
Sleman_2023-11-20T00:00:00,Sleman,2023-11-20 00:00:00,3,Berawan,90,24.0,75.0,61,192,3.9,1013,2023-11-20
Sleman_2023-11-20T06:00:00,Sleman,2023-11-20 06:00:00,60,Hujan Ringan,65,31.0,88.0,52,192,3.6,1013,2023-11-20 06:00:00
Sleman_2023-11-20T12:00:00,Sleman,2023-11-20 12:00:00,3,Berawan,90,24.0,75.0,65,176,10.4,1012,2023-11-20 12:00:00
Sleman_2023-11-20T18:00:00,Sleman,2023-11-20 18:00:00,3,Berawan,95,23.0,73.0,56,178,13.4,1010,2023-11-20 18:00:00
Solok_2023-11-20T00:00:00,Solok,2023-11-20 00:00:00,1,Cerah Berawan,95,21.0,70.0,46,36,2.1,1014,2023-11-20
Solok_2023-11-20T06:00:00,Solok,2023-11-20 06:00:00,1,Cerah Berawan,75,28.0,82.0,46,36,1.3,1012,2023-11-20 06:00:00
Solok_2023-11-20T12:00:00,Solok,2023-11-20 12:00:00,3,Berawan,95,23.0,73.0,39,229,2.3,1013,2023-11-20 12:00:00
Solok_2023-11-20T18:00:00,Solok,2023-11-20 18:00:00,3,Berawan,90,21.0,70.0,44,253,3.5,1010,2023-11-20 18:00:00
Sorong_2023-11-20T00:00:00,Sorong,2023-11-20 00:00:00,3,Berawan,80,28.0,82.0,46,39,6.1,1009,2023-11-20
Sorong_2023-11-20T06:00:00,Sorong,2023-11-20 06:00:00,60,Hujan Ringan,65,32.0,90.0,61,39,7.1,1011,2023-11-20 06:00:00
Sorong_2023-11-20T12:00:00,Sorong,2023-11-20 12:00:00,3,Berawan,95,26.0,79.0,55,144,7.5,1009,2023-11-20 12:00:00
Sorong_2023-11-20T18:00:00,Sorong,2023-11-20 18:00:00,3,Berawan,95,24.0,75.0,54,144,3.4,1010,2023-11-20 18:00:00
Sragen_2023-11-20T00:00:00,Sragen,2023-11-20 00:00:00,3,Berawan,80,27.0,81.0,52,209,14.9,1012,2023-11-20
Sragen_2023-11-20T06:00:00,Sragen,2023-11-20 06:00:00,3,Berawan,60,33.0,91.0,56,209,12.9,1011,2023-11-20 06:00:00
Sragen_2023-11-20T12:00:00,Sragen,2023-11-20 12:00:00,3,Berawan,75,28.0,82.0,40,230,5.5,1010,2023-11-20 12:00:00
Sragen_2023-11-20T18:00:00,Sragen,2023-11-20 18:00:00,3,Berawan,85,25.0,77.0,38,224,11.8,1008,2023-11-20 18:00:00
Subang_2023-11-20T00:00:00,Subang,2023-11-20 00:00:00,1,Cerah Berawan,80,25.0,77.0,59,157,7.5,1013,2023-11-20
Subang_2023-11-20T06:00:00,Subang,2023-11-20 06:00:00,60,Hujan Ringan,55,35.0,95.0,56,157,7.3,1013,2023-11-20 06:00:00
Subang_2023-11-20T12:00:00,Subang,2023-11-20 12:00:00,60,Hujan Ringan,80,25.0,77.0,54,171,11.1,1012,2023-11-20 12:00:00
Subang_2023-11-20T18:00:00,Subang,2023-11-20 18:00:00,1,Cerah Berawan,90,23.0,73.0,54,167,10.9,1010,2023-11-20 18:00:00
Sukoharjo_2023-11-20T00:00:00,Sukoharjo,2023-11-20 00:00:00,3,Berawan,80,27.0,81.0,52,198,12.0,1012,2023-11-20
Sukoharjo_2023-11-20T06:00:00,Sukoharjo,2023-11-20 06:00:00,3,Berawan,60,33.0,91.0,54,198,11.2,1012,2023-11-20 06:00:00
Sukoharjo_2023-11-20T12:00:00,Sukoharjo,2023-11-20 12:00:00,3,Berawan,75,28.0,82.0,36,192,12.7,1010,2023-11-20 12:00:00
Sukoharjo_2023-11-20T18:00:00,Sukoharjo,2023-11-20 18:00:00,3,Berawan,85,24.0,75.0,37,191,21.7,1009,2023-11-20 18:00:00
Sumedang_2023-11-20T00:00:00,Sumedang,2023-11-20 00:00:00,1,Cerah Berawan,80,25.0,77.0,83,61,5.5,1013,2023-11-20
Sumedang_2023-11-20T06:00:00,Sumedang,2023-11-20 06:00:00,60,Hujan Ringan,55,31.0,88.0,68,61,6.4,1013,2023-11-20 06:00:00
Sumedang_2023-11-20T12:00:00,Sumedang,2023-11-20 12:00:00,1,Cerah Berawan,80,25.0,77.0,60,56,6.9,1011,2023-11-20 12:00:00
Sumedang_2023-11-20T18:00:00,Sumedang,2023-11-20 18:00:00,3,Berawan,90,23.0,73.0,63,56,1.0,1010,2023-11-20 18:00:00
Sumenep_2023-11-20T00:00:00,Sumenep,2023-11-20 00:00:00,0,,85,30.0,86.0,90,67,10.0,1010,2023-11-20
Sumenep_2023-11-20T06:00:00,Sumenep,2023-11-20 06:00:00,0,,55,34.0,93.0,63,67,8.6,1011,2023-11-20 06:00:00
Sumenep_2023-11-20T12:00:00,Sumenep,2023-11-20 12:00:00,0,,80,29.0,84.0,58,117,8.7,1010,2023-11-20 12:00:00
Sumenep_2023-11-20T18:00:00,Sumenep,2023-11-20 18:00:00,1,Cerah Berawan,90,26.0,79.0,91,116,18.4,1009,2023-11-20 18:00:00
Sungai Penuh_2023-11-20T00:00:00,Sungai Penuh,2023-11-20 00:00:00,3,Berawan,100,19.0,66.0,53,46,2.0,1015,2023-11-20
Sungai Penuh_2023-11-20T06:00:00,Sungai Penuh,2023-11-20 06:00:00,95,Hujan Petir,80,28.0,82.0,48,46,3.9,1013,2023-11-20 06:00:00
Sungai Penuh_2023-11-20T12:00:00,Sungai Penuh,2023-11-20 12:00:00,3,Berawan,100,19.0,66.0,43,221,3.3,1013,2023-11-20 12:00:00
Sungai Penuh_2023-11-20T18:00:00,Sungai Penuh,2023-11-20 18:00:00,45,Berkabut,95,18.0,64.0,46,202,3.6,1012,2023-11-20 18:00:00
Surabaya_2023-11-20T00:00:00,Surabaya,2023-11-20 00:00:00,0,,80,29.0,84.0,64,119,7.4,1010,2023-11-20
Surabaya_2023-11-20T06:00:00,Surabaya,2023-11-20 06:00:00,0,,45,35.0,95.0,111,119,3.7,1010,2023-11-20 06:00:00
Surabaya_2023-11-20T12:00:00,Surabaya,2023-11-20 12:00:00,0,,75,30.0,86.0,77,119,9.3,1010,2023-11-20 12:00:00
Surabaya_2023-11-20T18:00:00,Surabaya,2023-11-20 18:00:00,1,Cerah Berawan,85,26.0,79.0,54,119,14.3,1008,2023-11-20 18:00:00
Surakarta_2023-11-20T00:00:00,Surakarta,2023-11-20 00:00:00,3,Berawan,80,27.0,81.0,47,196,15.6,1012,2023-11-20
Surakarta_2023-11-20T06:00:00,Surakarta,2023-11-20 06:00:00,3,Berawan,60,33.0,91.0,45,196,15.4,1012,2023-11-20 06:00:00
Surakarta_2023-11-20T12:00:00,Surakarta,2023-11-20 12:00:00,3,Berawan,75,28.0,82.0,43,196,11.7,1010,2023-11-20 12:00:00
Surakarta_2023-11-20T18:00:00,Surakarta,2023-11-20 18:00:00,3,Berawan,85,25.0,77.0,44,196,21.7,1009,2023-11-20 18:00:00
Tabanan_2023-11-20T00:00:00,Tabanan,2023-11-20 00:00:00,3,Berawan,85,28.0,82.0,41,180,5.0,1012,2023-11-20
Tabanan_2023-11-20T06:00:00,Tabanan,2023-11-20 06:00:00,3,Berawan,65,32.0,90.0,37,180,6.2,1012,2023-11-20 06:00:00
Tabanan_2023-11-20T12:00:00,Tabanan,2023-11-20 12:00:00,1,Cerah Berawan,80,28.0,82.0,33,158,16.5,1011,2023-11-20 12:00:00
Tabanan_2023-11-20T18:00:00,Tabanan,2023-11-20 18:00:00,1,Cerah Berawan,80,26.0,79.0,33,160,9.7,1011,2023-11-20 18:00:00
Takalar_2023-11-20T00:00:00,Takalar,2023-11-20 00:00:00,1,Cerah Berawan,80,27.0,81.0,57,183,9.6,1009,2023-11-20
Takalar_2023-11-20T06:00:00,Takalar,2023-11-20 06:00:00,60,Hujan Ringan,70,34.0,93.0,59,183,11.3,1010,2023-11-20 06:00:00
Takalar_2023-11-20T12:00:00,Takalar,2023-11-20 12:00:00,3,Berawan,80,29.0,84.0,58,149,15.9,1009,2023-11-20 12:00:00
Takalar_2023-11-20T18:00:00,Takalar,2023-11-20 18:00:00,3,Berawan,90,25.0,77.0,56,148,23.3,1008,2023-11-20 18:00:00
Tangerang_2023-11-20T00:00:00,Tangerang,2023-11-20 00:00:00,1,Cerah Berawan,80,27.0,81.0,157,5,14.8,1010,2023-11-20
Tangerang_2023-11-20T06:00:00,Tangerang,2023-11-20 06:00:00,3,Berawan,60,33.0,91.0,143,5,3.7,1010,2023-11-20 06:00:00
Tangerang_2023-11-20T12:00:00,Tangerang,2023-11-20 12:00:00,3,Berawan,80,27.0,81.0,145,5,3.7,1009,2023-11-20 12:00:00
Tangerang_2023-11-20T18:00:00,Tangerang,2023-11-20 18:00:00,60,Hujan Ringan,95,24.0,75.0,92,5,13.0,1008,2023-11-20 18:00:00
Tarakan_2023-11-20T00:00:00,Tarakan,2023-11-20 00:00:00,1,Cerah Berawan,85,27.0,81.0,32,220,1.7,1010,2023-11-20
Tarakan_2023-11-20T06:00:00,Tarakan,2023-11-20 06:00:00,1,Cerah Berawan,75,33.0,91.0,31,220,9.3,1009,2023-11-20 06:00:00
Tarakan_2023-11-20T12:00:00,Tarakan,2023-11-20 12:00:00,1,Cerah Berawan,95,25.0,77.0,35,100,3.6,1009,2023-11-20 12:00:00
Tarakan_2023-11-20T18:00:00,Tarakan,2023-11-20 18:00:00,3,Berawan,90,24.0,75.0,36,117,13.2,1008,2023-11-20 18:00:00
Tasikmalaya_2023-11-20T00:00:00,Tasikmalaya,2023-11-20 00:00:00,1,Cerah Berawan,85,25.0,77.0,59,153,2.1,1014,2023-11-20
Tasikmalaya_2023-11-20T06:00:00,Tasikmalaya,2023-11-20 06:00:00,60,Hujan Ringan,55,32.0,90.0,55,153,2.2,1013,2023-11-20 06:00:00
Tasikmalaya_2023-11-20T12:00:00,Tasikmalaya,2023-11-20 12:00:00,60,Hujan Ringan,80,25.0,77.0,52,142,9.5,1012,2023-11-20 12:00:00
Tasikmalaya_2023-11-20T18:00:00,Tasikmalaya,2023-11-20 18:00:00,60,Hujan Ringan,90,22.0,72.0,52,141,9.5,1011,2023-11-20 18:00:00
Tegal_2023-11-20T00:00:00,Tegal,2023-11-20 00:00:00,3,Berawan,80,27.0,81.0,59,204,12.5,1011,2023-11-20
Tegal_2023-11-20T06:00:00,Tegal,2023-11-20 06:00:00,3,Berawan,55,33.0,91.0,56,204,12.0,1011,2023-11-20 06:00:00
Tegal_2023-11-20T12:00:00,Tegal,2023-11-20 12:00:00,3,Berawan,80,27.0,81.0,57,202,4.9,1010,2023-11-20 12:00:00
Tegal_2023-11-20T18:00:00,Tegal,2023-11-20 18:00:00,3,Berawan,85,24.0,75.0,59,202,2.9,1008,2023-11-20 18:00:00
Temanggung_2023-11-20T00:00:00,Temanggung,2023-11-20 00:00:00,3,Berawan,85,26.0,79.0,57,178,7.2,1014,2023-11-20
Temanggung_2023-11-20T06:00:00,Temanggung,2023-11-20 06:00:00,3,Berawan,60,31.0,88.0,56,178,7.6,1013,2023-11-20 06:00:00
Temanggung_2023-11-20T12:00:00,Temanggung,2023-11-20 12:00:00,3,Berawan,80,27.0,81.0,49,181,9.5,1012,2023-11-20 12:00:00
Temanggung_2023-11-20T18:00:00,Temanggung,2023-11-20 18:00:00,3,Berawan,85,24.0,75.0,49,182,10.1,1011,2023-11-20 18:00:00
Ternate_2023-11-20T00:00:00,Ternate,2023-11-20 00:00:00,3,Berawan,75,28.0,82.0,39,215,5.5,1009,2023-11-20
Ternate_2023-11-20T06:00:00,Ternate,2023-11-20 06:00:00,3,Berawan,65,32.0,90.0,40,215,6.3,1011,2023-11-20 06:00:00
Ternate_2023-11-20T12:00:00,Ternate,2023-11-20 12:00:00,1,Cerah Berawan,80,27.0,81.0,40,219,7.8,1009,2023-11-20 12:00:00
Ternate_2023-11-20T18:00:00,Ternate,2023-11-20 18:00:00,1,Cerah Berawan,95,25.0,77.0,42,219,3.0,1010,2023-11-20 18:00:00
Tomohon_2023-11-20T00:00:00,Tomohon,2023-11-20 00:00:00,3,Berawan,75,28.0,82.0,31,157,3.4,1010,2023-11-20
Tomohon_2023-11-20T06:00:00,Tomohon,2023-11-20 06:00:00,60,Hujan Ringan,70,29.0,84.0,27,157,4.9,1012,2023-11-20 06:00:00
Tomohon_2023-11-20T12:00:00,Tomohon,2023-11-20 12:00:00,60,Hujan Ringan,95,25.0,77.0,28,147,5.4,1009,2023-11-20 12:00:00
Tomohon_2023-11-20T18:00:00,Tomohon,2023-11-20 18:00:00,3,Berawan,95,19.0,66.0,31,145,3.7,1011,2023-11-20 18:00:00
Trenggalek_2023-11-20T00:00:00,Trenggalek,2023-11-20 00:00:00,1,Cerah Berawan,80,23.0,73.0,51,162,4.3,1013,2023-11-20
Trenggalek_2023-11-20T06:00:00,Trenggalek,2023-11-20 06:00:00,1,Cerah Berawan,60,32.0,90.0,40,162,4.0,1013,2023-11-20 06:00:00
Trenggalek_2023-11-20T12:00:00,Trenggalek,2023-11-20 12:00:00,1,Cerah Berawan,80,24.0,75.0,37,151,14.5,1012,2023-11-20 12:00:00
Trenggalek_2023-11-20T18:00:00,Trenggalek,2023-11-20 18:00:00,3,Berawan,90,22.0,72.0,36,153,11.6,1011,2023-11-20 18:00:00
Tuban_2023-11-20T00:00:00,Tuban,2023-11-20 00:00:00,0,,80,28.0,82.0,76,22,14.7,1011,2023-11-20
Tuban_2023-11-20T06:00:00,Tuban,2023-11-20 06:00:00,0,,55,32.0,90.0,71,22,12.5,1011,2023-11-20 06:00:00
Tuban_2023-11-20T12:00:00,Tuban,2023-11-20 12:00:00,1,Cerah Berawan,80,29.0,84.0,71,14,9.5,1010,2023-11-20 12:00:00
Tuban_2023-11-20T18:00:00,Tuban,2023-11-20 18:00:00,3,Berawan,90,25.0,77.0,72,18,10.7,1009,2023-11-20 18:00:00
Tulungagung_2023-11-20T00:00:00,Tulungagung,2023-11-20 00:00:00,1,Cerah Berawan,80,26.0,79.0,51,176,5.5,1012,2023-11-20
Tulungagung_2023-11-20T06:00:00,Tulungagung,2023-11-20 06:00:00,1,Cerah Berawan,60,31.0,88.0,40,176,5.8,1012,2023-11-20 06:00:00
Tulungagung_2023-11-20T12:00:00,Tulungagung,2023-11-20 12:00:00,1,Cerah Berawan,80,26.0,79.0,35,170,19.7,1011,2023-11-20 12:00:00
Tulungagung_2023-11-20T18:00:00,Tulungagung,2023-11-20 18:00:00,3,Berawan,90,23.0,73.0,36,170,15.8,1011,2023-11-20 18:00:00
Wonogiri_2023-11-20T00:00:00,Wonogiri,2023-11-20 00:00:00,3,Berawan,80,27.0,81.0,53,192,7.4,1012,2023-11-20
Wonogiri_2023-11-20T06:00:00,Wonogiri,2023-11-20 06:00:00,3,Berawan,60,33.0,91.0,52,192,6.6,1012,2023-11-20 06:00:00
Wonogiri_2023-11-20T12:00:00,Wonogiri,2023-11-20 12:00:00,3,Berawan,75,28.0,82.0,35,172,14.6,1010,2023-11-20 12:00:00
Wonogiri_2023-11-20T18:00:00,Wonogiri,2023-11-20 18:00:00,3,Berawan,85,25.0,77.0,38,173,20.1,1009,2023-11-20 18:00:00
Wonosobo_2023-11-20T00:00:00,Wonosobo,2023-11-20 00:00:00,3,Berawan,85,26.0,79.0,62,176,3.5,1014,2023-11-20
Wonosobo_2023-11-20T06:00:00,Wonosobo,2023-11-20 06:00:00,3,Berawan,65,30.0,86.0,56,176,3.2,1014,2023-11-20 06:00:00
Wonosobo_2023-11-20T12:00:00,Wonosobo,2023-11-20 12:00:00,3,Berawan,80,27.0,81.0,49,174,7.3,1013,2023-11-20 12:00:00
Wonosobo_2023-11-20T18:00:00,Wonosobo,2023-11-20 18:00:00,3,Berawan,90,23.0,73.0,46,174,6.9,1012,2023-11-20 18:00:00
Yogyakarta_2023-11-20T00:00:00,Yogyakarta,2023-11-20 00:00:00,3,Berawan,75,26.0,79.0,54,186,2.3,1013,2023-11-20
Yogyakarta_2023-11-20T06:00:00,Yogyakarta,2023-11-20 06:00:00,3,Berawan,50,33.0,91.0,54,186,2.4,1012,2023-11-20 06:00:00
Yogyakarta_2023-11-20T12:00:00,Yogyakarta,2023-11-20 12:00:00,3,Berawan,75,28.0,82.0,44,169,12.0,1011,2023-11-20 12:00:00
Yogyakarta_2023-11-20T18:00:00,Yogyakarta,2023-11-20 18:00:00,3,Berawan,95,26.0,79.0,42,172,14.9,1010,2023-11-20 18:00:00
